,values
ADAMTS20_meth,-0.015675815
PROK2_meth,7.40482e-14
ECEL1_meth,0.0044008754
PTPRQ_meth,0.3158586
ZNF135_meth,-0.0060576163
CRHR2_meth,0.00013610776
NAA11_meth,-1.1882588e-07
NKX6-1_meth,0.009327414
SOD3_meth,-0.009703684
NDP_meth,-0.23836131
S100A16_meth,-0.002439466
HEY2_meth,-0.0562389
CD48_meth,0.0010885269
CYP2A13_meth,0.0005570313
ELAVL4_meth,0.05445167
FBXL15_meth,-1.2696929e-09
CARTPT_meth,-0.0040744245
OGDHL_meth,-0.00047858516
GPR88_meth,-0.0010778757
IRX2_meth,-2.8508927e-08
OLIG1_meth,-3.6389446e-07
TMPRSS3_meth,-0.03921374
SLC5A7_meth,-1.2424084e-08
GPR83_meth,-0.00012815384
MYOF_meth,1.5436577e-10
KCNA6_meth,-0.018837485
TCF21_meth,-0.003644601
NKX3-2_meth,-3.045879e-11
ADRB3_meth,0.0017898657
TUSC3_meth,1.986526e-10
LIME1_meth,0.026360452
SLC6A15_meth,-2.7471582e-05
CDH20_meth,-1.290685e-06
FOXD1_meth,-0.0013394546
AGTR1_meth,0.4910682
EPB41L3_meth,-2.8752853e-09
CYBB_meth,-0.16773398
LRRTM2_meth,2.5011557e-10
COL14A1_meth,-2.7147433e-09
PTPRN_meth,-0.0013024138
CCBE1_meth,0.021507831
GBP4_meth,5.917979e-08
BARHL2_meth,-0.02919831
GABRA1_meth,-0.0023056087
BCL11B_meth,-0.07988737
MGARP_meth,-0.0005205901
STMN2_meth,1.2228422e-07
ACTA1_meth,-0.0024758119
SLC16A5_meth,-0.0001292077
JAM2_meth,-0.01815294
PTH_meth,-0.7614253
HOXB4_meth,0.00023400268
BGN_meth,0.0015064308
COL24A1_meth,-1.3595354e-09
SLC32A1_meth,3.3709475e-05
RNF217_meth,-0.0002977332
FLT1_meth,0.02596414
DDIT4L_meth,-0.020019803
PHOSPHO1_meth,0.0015119117
EPHA3_meth,0.016673796
CGB2_meth,-0.22595242
RPH3A_meth,0.00327545
SULT1A3_meth,0.01667297
FLRT2_meth,-0.39532417
AMER2_meth,-1.2052667e-08
GLRA3_meth,0.0028916607
OC90_meth,0.0062541594
SATB2_meth,4.0008643e-05
HOXD4_meth,6.172026e-05
CD27_meth,0.002700528
ZACN_meth,0.011847748
GATA2_meth,0.0030035786
KCNK2_meth,0.073746994
LHX1_meth,0.26750457
PRLHR_meth,-1.2082521e-06
LTBR_meth,-2.9140714e-09
RAB39B_meth,0.04078697
HTR1E_meth,-0.0008323075
ADCYAP1_meth,0.19281471
VGLL2_meth,-8.895429e-12
CALCB_meth,0.3314716
PTPRO_meth,0.010442379
NAP1L2_meth,0.027496435
PRDM6_meth,6.881903e-11
HAMP_meth,0.15284333
PHOX2A_meth,-3.1597028e-10
EPHA7_meth,-0.099373706
SLC1A6_meth,4.903433e-08
HOXA4_meth,0.0005837846
FOXB1_meth,9.794513e-05
CHGA_meth,-6.011728e-07
FEZF2_meth,0.0019700674
EVX1_meth,6.1990973e-10
FLI1_meth,-9.658904e-06
PTPRT_meth,-0.016861865
SNAP25_meth,0.020248797
TPTE_meth,0.0013006681
GBX2_meth,0.016618136
FLT3_meth,-0.054059427
ACSF2_meth,-0.003676969
EDA_meth,0.28252012
PTGFR_meth,5.3232596e-09
ZFP36L1_meth,-0.05186181
SLC47A1_meth,-1.3025775e-05
MGAT4C_meth,0.0048876307
ALG1L_meth,-0.010849106
PLBD1_meth,-0.001772862
IGF2_meth,-0.11756107
SLC35D3_meth,-6.2639e-08
RGS22_meth,0.0065215267
MT3_meth,0.107659556
FBN2_meth,0.00035459932
GDF6_meth,-0.30416834
FIBIN_meth,-0.060974587
GPR50_meth,4.0427465e-05
PRKX_meth,-0.02633654
ZIC1_meth,-0.00011557518
GPR37_meth,0.0002630619
POU3F1_meth,-1.8898066e-10
ALDH1L1_meth,0.00014089659
SLC17A7_meth,-1.1249106e-08
HOXC9_meth,1.3815394e-05
KCNIP4_meth,-2.625021e-08
ADRA1A_meth,0.014631667
NTS_meth,0.08704985
HOXB13_meth,-0.081127614
FGF3_meth,0.13616812
NPAS4_meth,0.009306824
NETO1_meth,0.008910438
DHRS3_meth,-0.010395706
PCDH8_meth,-4.6256756e-07
CDH8_meth,0.01813181
DBX1_meth,-7.579324e-09
NPEPPS_meth,-0.00884336
CCRL2_meth,-0.14830291
ARL5C_meth,-1.8759904e-08
AGBL4_meth,1.7377717e-05
CXCL12_meth,-0.006846008
PITX2_meth,-0.14819586
DKK2_meth,1.6783645e-08
WNT3A_meth,0.7847166
IRGM_meth,0.19857301
SP8_meth,-8.606586e-09
KCNA5_meth,0.17874601
NOSTRIN_meth,-1.2198942e-07
LCN2_meth,0.0067436923
TMPRSS12_meth,-0.008387168
STAP1_meth,0.19403896
OSR1_meth,0.0030611511
APC_meth,0.0190171
HOXD1_meth,-1.1913076e-12
COL4A5_meth,-9.8541175e-09
FSCN2_meth,5.1491995e-11
MYF6_meth,3.3935053e-09
SLC6A5_meth,-2.1611372e-08
SLC18A2_meth,-2.0171763e-08
CCND2_meth,9.3048965e-07
PIEZO2_meth,-1.2325977e-05
ADRA1B_meth,0.05189813
RPS6KA6_meth,0.14007185
AMER3_meth,9.479309e-09
SLITRK2_meth,0.008529593
WIF1_meth,-4.5960378e-09
FRRS1L_meth,-2.3602595e-07
MFAP4_meth,-7.5701834e-11
SLC13A3_meth,0.00045137075
ARX_meth,-0.029671751
AJUBA_meth,0.01759658
IFI16_meth,0.34349915
CPXM1_meth,1.0143306e-06
EN1_meth,3.5013374e-09
GATA3_meth,0.5178335
GDF10_meth,-0.5279102
PTPN13_meth,-8.365655e-12
ELOVL2_meth,0.007850081
TYR_meth,-0.010094812
MOGAT2_meth,-0.00041982537
HHIP_meth,0.017839655
CHST7_meth,-0.0024374556
AVPR1A_meth,0.062782876
DSC1_meth,-1.8830681e-06
FOXL2_meth,-0.0008294663
SCT_meth,0.13017549
ZFP36L2_meth,3.5497122e-10
NKX2-3_meth,4.4794506e-09
GABRQ_meth,0.0047674202
ADRA2C_meth,0.014918287
OPLAH_meth,3.0034034e-05
KCTD8_meth,-0.00014014226
FGF14_meth,0.05899416
ALDH3A1_meth,0.0018821534
GAL3ST3_meth,-0.000887356
RGS7BP_meth,0.025055725
SOX3_meth,-2.9640602e-11
MADCAM1_meth,0.04133539
CA3_meth,0.13121246
DUSP9_meth,0.14064132
PORCN_meth,5.2686428e-05
DMRT2_meth,-0.007679709
DMRT3_meth,1.11471525e-08
RNASE3_meth,0.006459732
RERG_meth,0.039174374
PRSS37_meth,-0.11550735
GABRG2_meth,0.0014698692
B4GALNT2_meth,-0.00779674
ARHGDIB_meth,-0.34245828
IFI27_meth,-0.06460378
PRKG2_meth,-0.00013568669
ADRA1D_meth,0.039571412
SLC7A14_meth,4.120714e-06
GFRAL_meth,0.007115356
TMEM30B_meth,3.5388975e-06
TBR1_meth,-0.0007365133
TBX5_meth,0.02041524
DYNLT3_meth,0.03605945
LEP_meth,0.44208932
TRH_meth,-0.013369376
CDO1_meth,-0.14014693
CD40_meth,0.26564127
DEFB118_meth,1.46446655e-05
TCL1A_meth,0.00014824382
HSD17B1_meth,-0.065959655
NEUROD4_meth,0.199182
ADAMTS1_meth,-0.0015347943
NKX2-8_meth,-0.0007519382
EPO_meth,-0.14247416
PENK_meth,-0.0620847
SPRR1A_meth,-2.0790506e-07
GSTM2_meth,1.03639115e-08
CYP2E1_meth,0.28449234
IFNL4_meth,0.7274727
XPNPEP2_meth,-0.0025882313
SORCS3_meth,0.0002761982
EPB41L4B_meth,-0.24933404
ZBED2_meth,-0.097595245
FOXF1_meth,0.03484473
ROPN1B_meth,-2.4212313e-10
FOXE1_meth,3.001644e-09
SLCO4C1_meth,1.1779721e-06
LHX8_meth,-1.128561e-08
RPRM_meth,0.030990476
PITX1_meth,-0.04153197
BCHE_meth,0.0067433175
ZFP42_meth,7.438279e-08
MTRNR2L6_meth,-0.0025700163
NR0B1_meth,4.9511648e-08
GRIA4_meth,-0.00017912828
ABCC8_meth,0.033622704
F2RL1_meth,0.00035474592
COLEC12_meth,0.034919966
LY75_meth,-2.2697815e-08
TLL1_meth,-0.0022988021
GPR158_meth,-1.561958e-09
S100P_meth,-0.0002499338
LHX4_meth,-1.8610983e-09
SOX11_meth,0.33546418
PCDH11Y_meth,-1.2481215e-07
NEUROD2_meth,0.013690372
NEUROD1_meth,0.12819912
PRKCG_meth,-0.019782066
ISL1_meth,0.03274286
SYCP1_meth,0.016460944
IRX3_meth,6.9937873e-09
MAP1LC3C_meth,0.29161105
DRD4_meth,-0.0135351475
TFAP2A_meth,2.8072774e-08
HAND2_meth,-0.004986925
GALR2_meth,-1.7508577e-09
ZNF385B_meth,5.453567e-10
HOXA3_meth,-6.2377614e-05
HSD17B14_meth,0.0038750547
MC4R_meth,0.0027029994
SLC2A14_meth,-1.4823947e-08
F3_meth,-0.007626625
ADAM7_meth,-0.043640584
MICU3_meth,-1.1836128e-07
INSL6_meth,1.0156745
SLX1A_meth,-8.844001e-06
CALCRL_meth,-0.000396141
DMRTA2_meth,2.0181141e-10
LHX9_meth,1.291955e-08
CBLN1_meth,0.00011725629
HNMT_meth,-0.0067615206
SELL_meth,-2.886817e-07
ZC3H12B_meth,-0.0009987438
KCNB1_meth,-0.0155484425
SECTM1_meth,0.093366355
KLHL1_meth,-2.6946143e-08
NOX4_meth,-0.053803023
LCE3A_meth,9.155547e-08
RDH12_meth,0.039437093
HOXA6_meth,0.0001289099
TFAP2C_meth,1.1526585e-08
WNT6_meth,0.27001062
CALCA_meth,-0.14496589
INSM1_meth,-0.005429072
GRIK3_meth,0.00017426352
TEKT3_meth,1.3676006e-10
KL_meth,-0.47470742
S1PR5_meth,-0.10015303
LYZ_meth,1.4016593e-06
RNF135_meth,-0.015284112
HOXB7_meth,0.023848768
POU3F2_meth,-0.008172076
NR1H2_meth,0.16182645
LBX1_meth,-3.5832458e-05
FZD10_meth,0.03221694
WNT5A_meth,-0.27621803
CLEC4G_meth,0.019618742
RYR3_meth,0.00079839217
APOBEC3C_meth,0.057557326
KCNA7_meth,-0.003684103
ALX1_meth,0.011827114
LRRK2_meth,0.123859175
CDH2_meth,-0.015768705
GPR78_meth,-2.2159333e-10
SST_meth,0.08683944
RHBDL2_meth,-0.064585924
IRX1_meth,5.4701754e-10
SIX1_meth,-0.06306519
VEGFC_meth,0.59467936
LRFN5_meth,-2.078328e-07
ATP1B2_meth,-2.963773e-10
CALY_meth,0.00695323
MMP2_meth,0.098564394
CLGN_meth,2.6369393e-10
HOXA11_meth,-4.9032875e-05
NPTX1_meth,0.00031205144
EGFL6_meth,1.1616111e-09
GSTP1_meth,0.0705281
ADAM29_meth,0.014343094
RAB38_meth,1.4969156e-09
EFS_meth,-9.7798285e-09
MAP9_meth,-9.435031e-09
FAT4_meth,-1.6868847e-07
IL18RAP_meth,0.25085637
USP6_meth,-0.027316459
KAZALD1_meth,-1.4418045e-09
RAB6C_meth,1.8614428e-07
OTX2_meth,0.00675813
TSPAN2_meth,2.6326106e-05
HOXB1_meth,0.00045969235
SPAG17_meth,-9.91839e-09
KLF5_meth,0.0013300837
ECHDC3_meth,0.019633949
SNAP91_meth,0.0015742425
ZDHHC22_meth,1.9302584e-08
NAALAD2_meth,-0.0012088927
RBM24_meth,0.00088774046
SLFN14_meth,0.00015220685
CDHR1_meth,2.144124e-07
NOXO1_meth,2.0531659e-06
ADCY1_meth,0.036094863
SH3GL2_meth,0.00067163154
MAP6_meth,-0.0095962165
LUM_meth,2.4412614e-09
IL18_meth,-0.13190936
ZIC3_meth,1.3440823e-05
SFN_meth,-0.31728974
HENMT1_meth,0.00056652096
XAF1_meth,0.0004835701
SLFN11_meth,-0.08992952
BMP3_meth,0.48619714
CELF3_meth,7.890347e-05
DOK5_meth,-0.0052654454
SLC8A3_meth,0.08124385
PGR_meth,0.043505896
VAX2_meth,7.937913e-05
RNF180_meth,-0.0006399058
NAPSA_meth,0.021391764
COL4A6_meth,-0.0023957721
PPP1R16B_meth,3.803512e-05
UCHL1_meth,-0.014075779
POM121L2_meth,9.6672986e-05
TBX20_meth,-0.006006035
AIM2_meth,-0.06954846
CLECL1_meth,-2.786806e-06
NPFFR2_meth,0.16407308
P2RY1_meth,0.01798283
SLC6A3_meth,0.2688499
TRIM17_meth,-0.006126729
PLD3_meth,0.0074951486
CNTN5_meth,-9.1993185e-10
GATA5_meth,0.004517166
CFLAR_meth,-0.14104222
PCDH15_meth,-3.2461978e-07
RSPO2_meth,-6.7189576e-05
SNCB_meth,0.04560807
UGT3A2_meth,0.00045948554
POU4F2_meth,-0.032001957
NAGS_meth,-4.2789445e-05
CD200_meth,0.086408876
MYOD1_meth,-0.08925698
FGF5_meth,-0.10295813
MST1R_meth,-0.08282385
NUDT11_meth,7.2916824e-05
TTR_meth,0.16993192
VSTM2A_meth,0.04478441
HOXB8_meth,6.856809e-05
SHANK1_meth,0.06411971
SLC6A7_meth,3.9811785e-05
PCDH10_meth,-3.911347e-07
KCNJ12_meth,-0.020353263
HOXD10_meth,0.000119411125
CHAT_meth,-0.0008190832
SLC17A6_meth,5.0460827e-09
NKX1-1_meth,0.030990371
ADAMTS5_meth,0.013586212
OTOGL_meth,0.00014273278
MAFB_meth,0.013037079
GCM2_meth,-1.2022303e-09
SULT2B1_meth,0.0001365877
NKX2-5_meth,-7.695712e-05
ST6GALNAC1_meth,0.0068108584
GABRA4_meth,0.000431184
MPZL2_meth,-5.917755e-08
CDKN1C_meth,-0.001666861
NTSR1_meth,0.000121631434
HBA2_meth,-0.0056407903
ST8SIA4_meth,0.002388562
ITPKA_meth,0.002131771
IRX4_meth,6.180777e-13
LRRC4_meth,0.00025586956
FABP1_meth,0.007462338
FGF4_meth,0.45270604
SLC13A5_meth,0.00027554267
PAX6_meth,0.032827724
RSPO1_meth,1.5435221e-08
NKX2-2_meth,0.04407019
CES5A_meth,0.010644184
ABI3_meth,-0.05743309
SPOCD1_meth,-0.039740924
ST6GALNAC5_meth,0.010892068
PHACTR3_meth,0.0005159694
FGD1_meth,1.8586952e-05
HSF4_meth,-0.3546629
RCN3_meth,-0.0006119538
RPP25_meth,-3.946875e-05
CYP24A1_meth,2.5867548e-05
DLX6_meth,5.142971e-07
USP17L1_meth,-0.03722744
BRINP3_meth,-0.014177609
EPHX3_meth,0.0013637383
ACTL6B_meth,-1.6698762e-10
KCNJ8_meth,0.037209235
PAX9_meth,-0.002004809
ADH7_meth,0.2600999
FPR2_meth,0.024605695
CHRDL1_meth,1.9477689e-10
HOXA10_meth,7.2415037e-07
BOLA2B_meth,1.4668559e-05
SLC24A4_meth,-0.0014555192
DSC3_meth,-1.2641293e-07
PRRX1_meth,-0.089028895
OLIG2_meth,-1.6764298e-09
GDNF_meth,0.91481435
EYA1_meth,-0.09314363
GDF7_meth,-0.19890432
CRABP1_meth,-6.5190443e-07
GPR151_meth,0.051537912
SP100_meth,0.0009069619
TACR3_meth,0.004048582
TCHH_meth,-0.00010306714
LRRC7_meth,-9.3914165e-09
LGALS1_meth,-0.017282888
MYOZ2_meth,4.1124235e-08
LGALS13_meth,0.0003569719
ALX4_meth,-2.4386502e-06
KLK15_meth,0.009311326
SLC7A3_meth,0.0001733637
HOXA9_meth,9.86496e-05
MEF2C_meth,-0.15717597
ASCL1_meth,0.07963913
CR1L_meth,0.0047631217
DGKK_meth,9.775398e-05
BEX4_meth,0.33563247
CASP1_meth,-0.077398576
CYP2U1_meth,0.00031633957
PLCXD3_meth,0.00019161672
ZC3H12D_meth,0.0005944877
ANGPT2_meth,0.020147152
CCL3_meth,-0.0017318885
OLAH_meth,0.00012230744
PCSK2_meth,-0.0027862757
CHST2_meth,0.0018616598
MTRNR2L1_meth,-0.00033412868
SERPINB13_meth,-0.00031060603
PDPN_meth,-0.09562582
HOXA7_meth,-0.00041927907
USP2_meth,-0.0014104502
EBF2_meth,0.13619998
EPPIN_meth,0.028754173
RSPO3_meth,0.22119752
DLX5_meth,4.14189e-07
SRD5A2_meth,0.031797122
GHR_meth,-0.1389424
AZU1_meth,-0.18994182
LEF1_meth,-0.12636545
OXTR_meth,0.014867697
CH25H_meth,-0.00094323035
ANGPTL1_meth,-1.8689683e-08
GLRB_meth,-0.0003140464
KRT15_meth,-1.7473294e-11
HBQ1_meth,-1.21282845e-11
UCP1_meth,0.018790327
EDNRB_meth,0.19473016
GALT_meth,-1.2468324e-06
GOLM1_meth,-0.0003035259
SIX6_meth,2.8558275e-10
SOX1_meth,2.0184363e-09
SPX_meth,0.07392731
PTGER3_meth,0.004515157
PRSS1_meth,-0.047438424
HLX_meth,-0.05457617
ADAMTS3_meth,0.0005317713
EN2_meth,-1.7656647e-11
RORB_meth,-0.030053748
LIPH_meth,0.0002874295
C1QL1_meth,8.246093e-11
FOXC2_meth,-0.00020009677
RAB25_meth,-0.023299903
VMP1_meth,8.9269415e-05
CFAP54_meth,1.2469538e-11
TACSTD2_meth,-0.2237032
HOXD8_meth,-4.3429224e-10
RGS17_meth,0.03356098
MOS_meth,0.0070222868
SOX15_meth,1.4685662e-07
DPY19L2_meth,0.0031750621
FOXE3_meth,0.01616658
DRGX_meth,6.240748e-08
PCK1_meth,0.030376207
TBX18_meth,0.003933462
CPAMD8_meth,-8.103415e-11
ITGAL_meth,2.5446877e-06
NLRP10_meth,-2.4932513e-07
OLIG3_meth,2.2311976e-06
HOXB3_meth,0.0002365858
SLC16A12_meth,6.2300234e-05
BRINP1_meth,0.16438025
HLF_meth,0.00047679382
PDGFRA_meth,-0.033784598
UTS2R_meth,-0.000544499
CPZ_meth,-9.95216e-07
LAMA1_meth,-0.014966302
S100A10_meth,-1.1770772e-09
DSG3_meth,-1.0101448e-06
CHSY3_meth,-0.014881971
L1TD1_meth,0.0019558962
GPR139_meth,6.1795945e-05
MDGA2_meth,1.2083381e-08
MIA_meth,0.17611459
ICAM5_meth,-6.852125e-09
GABRG1_meth,0.0033799142
UGT2B11_meth,0.033762928
NEFL_meth,-0.039157275
CALB1_meth,3.205045e-08
ALOX15_meth,0.021038648
ADAMTS19_meth,0.002107631
SLC1A5_meth,-1.7180708e-05
WNT16_meth,0.5766586
RFTN2_meth,0.024924437
TAS2R9_meth,0.0026129382
S100A2_meth,-2.2350321e-05
IL21_meth,-0.12076547
SHISA9_meth,-0.011903205
CLIP3_meth,0.009000188
ABCA10_meth,1.2182684e-08
EOMES_meth,0.053532552
TRHDE_meth,0.0043732524
SDC4_meth,-1.1712683e-06
CHRM2_meth,-0.0005206002
NEFH_meth,6.877426e-10
S100A11_meth,2.3044149e-07
HTR1A_meth,0.00033043802
MYCT1_meth,1.2992537e-06
HBA1_meth,0.016563071
FADS1_meth,0.00017376945
CACNG3_meth,0.0032372863
GALR1_meth,1.9044117e-08
GPR32_meth,0.0005500998
POU4F3_meth,-4.0306045e-08
FBLL1_meth,-7.046299e-06
PLVAP_meth,-2.121869e-09
RSPO4_meth,-1.1977237e-08
HRH1_meth,-0.017935222
LMX1A_meth,-3.1663865e-09
PRDM14_meth,0.33190435
CCNA1_meth,-9.8952305e-06
MGP_meth,-0.00045102628
ABCC3_meth,9.322186e-10
COX4I2_meth,0.0037957132
POPDC3_meth,5.397277e-10
KCNA1_meth,-0.00030396917
PRKCB_meth,-0.053667057
ABCB1_meth,0.067771524
GRIA3_meth,4.4889663e-07
ST6GAL2_meth,0.0054995925
FUT4_meth,-0.0017758498
SIX3_meth,-0.08150831
SLC22A16_meth,-3.7603768e-05
RNASE6_meth,0.0034688623
TAF1B_meth,0.0023504177
FBXO17_meth,0.0003751541
WASF3_meth,-0.07507869
GOLGA8A_meth,-1.7855658e-09
GAD2_meth,-4.3062428e-06
TNFSF13B_meth,-0.11191579
RNF19A_meth,-0.001210533
P2RX2_meth,0.004150419
CERKL_meth,0.00015193448
COL11A1_meth,0.0001952212
GRM1_meth,0.0001804077
LHX3_meth,0.16392931
BNC1_meth,-0.07017784
MAP1LC3B2_meth,0.02066598
TFAP2B_meth,0.0074151047
SLC2A10_meth,-0.00032741897
STC2_meth,-0.4181585
FOXF2_meth,8.666246e-09
MYF5_meth,0.0003948964
MMD2_meth,0.0047717686
GPR6_meth,6.057225e-09
DEFB124_meth,0.0065190466
VAV3_meth,0.16135721
TCF15_meth,-0.047633506
S1PR1_meth,0.0002369701
KCNA4_meth,-0.017047614
TNFRSF25_meth,-0.0031946679
NKX2-6_meth,8.0770557e-10
SEMA3D_meth,0.092657454
HOXB9_meth,0.00011084498
GPR101_meth,1.9193893e-09
USP17L2_meth,-0.1566201
HOXD11_meth,-6.598394e-05
APOC2_meth,0.07739407
HOXB5_meth,0.00020328464
SOX9_meth,-0.3311507
WT1_meth,0.32114685
EXPH5_meth,-7.3955903e-06
ATP6V0D2_meth,-0.0011189783
LHX2_meth,-1.0708656e-06
HOXD9_meth,-2.0568685e-05
NR5A2_meth,0.004996875
NAPRT_meth,7.666825e-05
CFC1B_meth,-1.1172952e-11
BARX1_meth,-2.1684683e-13
RIPK3_meth,-0.013617473
SMARCA1_meth,2.682119e-11
DRD5_meth,0.029829014
RAC2_meth,-0.03185265
PCDH17_meth,-0.0010928339
PTK6_meth,-0.1508239
TEK_meth,0.089419276
FGF10_meth,-0.20904988
LHX5_meth,-2.4040696e-09
NR2E1_meth,-0.052769296
TOMM40L_meth,0.0001624429
CMTM2_meth,-0.7465588
CACNG7_meth,0.0027778149
AGR2_meth,0.0026435915
ITGA4_meth,0.07392954
CKB_meth,0.00020736408
OPRK1_meth,0.09746636
ROBO3_meth,-0.0001042999
UGT2B7_meth,-0.07571788
ACSS3_meth,0.0030214754
RIMS2_meth,-0.0028621485
NPY1R_meth,-1.453844e-08
FAM126A_meth,5.1374166e-10
PHLDA2_meth,-0.013738447
CTSW_meth,-0.0059186313
BCAT1_meth,-0.042854268
TRIM72_meth,-0.0039548464
SLC12A5_meth,-0.00043727874
NOTO_meth,-4.572851e-05
PGLYRP2_meth,0.0034501748
CFD_meth,-0.011404212
POU4F1_meth,-0.021436162
ANPEP_meth,0.009352433
ALDH7A1_meth,-5.3889442e-05
GDPD3_meth,0.001301391
FFAR3_meth,-0.16428705
KCNA3_meth,-0.020641921
ZNF304_meth,0.00019093826
ROPN1_meth,-1.0089586e-10
DLL3_meth,2.2132667e-09
CASP8_meth,-0.047188554
CHRNA3_meth,0.064287454
PROX1_meth,-0.10524522
PRDM12_meth,-7.317734e-05
GJA4_meth,-2.8297581e-08
SPAG4_meth,3.4631098e-10
PIWIL4_meth,-0.100059554
SPP1_meth,0.39191255
AKR7L_meth,-0.043301977
SLC6A2_meth,0.25565988
GSC_meth,-0.03261716
RGS20_meth,0.0132487025
ALOX15B_meth,1.0124023
CRYGD_meth,0.05487122
TMPRSS2_meth,-0.006737537
TMC2_meth,-8.299543e-05
WNT2_meth,0.33897257
SH3GL3_meth,1.2372807e-07
NTRK2_meth,0.011011425
MIXL1_meth,-0.2770518
CAMKV_meth,0.02928923
UCN_meth,0.19436823
GAS1_meth,-0.00030877496
PCDH11X_meth,-2.4450864e-07
CD70_meth,0.03887967
ISL2_meth,-6.7660353e-06
MAL_meth,7.146078e-05
BVES_meth,0.054210607
SLC6A12_meth,-0.00023925549
KRT19_meth,-5.7330456e-09
LDOC1_meth,0.20961109
CD3G_meth,-4.4004786e-09
CYP2C18_meth,5.6290366e-05
AREG_meth,-0.06130234
HTR7_meth,-0.00049445394
HCRTR2_meth,0.016418267
GNPNAT1_meth,-5.0454335e-05
NRIP3_meth,0.04878691
PUS3_meth,5.95018e-06
HOXC4_meth,-0.000103725164
FOXO6_meth,-0.02326961
HOXD13_meth,0.040652983
SIAH3_meth,-0.0046961065
KCNN2_meth,-0.035745792
GSX1_meth,-1.01752295e-08
TMEM108_meth,0.00090296357
ADAMTS18_meth,0.017022198
SLX1B_meth,-1.0764146e-05
HBM_meth,-1.1969234e-10
ADCY8_meth,0.03347485
SLITRK4_meth,0.018924342
NPY2R_meth,0.047085743
DAW1_meth,2.3647952e-11
UNC5C_meth,0.054015048
KCNV1_meth,-0.019122602
PIM2_meth,0.041658424
TRPC6_meth,-0.00060486066
NNMT_meth,-0.083392106
ADAM23_meth,-0.010141948
LRRTM3_meth,1.3917792e-10
CLCF1_meth,-0.3347357
ANXA2_meth,0.012379306
TAF1L_meth,-0.011985711
OAS2_meth,0.0027670232
SLITRK3_meth,-3.3007638e-08
MTMR7_meth,-2.7058602e-06
RNF165_meth,3.6183766e-07
IDO1_meth,0.0012048385
ADAM28_meth,0.0028407658
GLRA1_meth,0.098220006
CASP12_meth,-0.009177996
TBX4_meth,1.6334893e-09
KCNC2_meth,0.48363099
SOX17_meth,0.71629983
RELN_meth,0.07291901
SHD_meth,0.015001822
FGF12_meth,-0.10809037
BATF3_meth,7.314563e-10
ERBB4_meth,0.07184381
GPR12_meth,-2.3483793e-09
HAS1_meth,0.021506125
KDR_meth,0.07873138
GSTM1_meth,-0.0021774652
GRM5_meth,0.001954087
NEUROG1_meth,-0.0011248252
BDNF_meth,0.07839095
MSC_meth,6.6043038e-09
RIMS4_meth,2.9192388e-05
GPR26_meth,8.439627e-09
CASS4_meth,-1.375764e-08
PRKAA2_meth,0.010631355
BDH2_meth,0.010500522
CYP2A6_meth,0.0008952707
NUDT10_meth,5.5289816e-05
KLF6_meth,-1.0003034e-16
HAND1_meth,0.062505275
TACR1_meth,0.0074984636
SIX2_meth,-0.13304122
COL5A3_meth,-4.8893067e-09
NR2F2_meth,-2.3642286e-09
SLC38A4_meth,-7.342315e-06
GALR3_meth,4.6366883e-10
SLC18A3_meth,2.5924411e-08
KCNB2_meth,-0.015317414
MSX1_meth,0.11653153
GFRA1_meth,0.0018963388
NOS1_meth,-0.033348467
SYT1_meth,0.19720823
CR1_meth,0.0077968016
SLC4A10_meth,0.028674446
GRID2_meth,0.0040318924
FBLN1_meth,-0.087187454
IRF4_meth,0.020883279
COL19A1_meth,1.12149914e-10
KCNC3_meth,-0.009923628
KLK4_meth,-0.029444596
SLC7A10_meth,2.7101215e-08
OSR2_meth,6.9250644e-05
CLDN4_meth,-0.16256703
KCNE3_meth,-0.0069543994
IER3_meth,-0.0027536042
SFRP2_meth,0.17068754
SHOX2_meth,0.003148385
SP9_meth,9.5647536e-08
PYDC1_meth,-0.002127043
MAP7D3_meth,1.0966473e-08
PAX2_meth,0.09935602
VGF_meth,0.1631789
TRPM4_meth,0.0039896257
FGF19_meth,0.2684577
BOLA2_meth,0.00014821104
CHAD_meth,0.07738384
SLPI_meth,-0.015089433
NPPC_meth,-0.070608
IER5_meth,0.010638947
GPR143_meth,9.021246e-09
MEOX2_meth,1.7993861e-09
PCDH18_meth,-2.6455268e-07
TBX3_meth,-0.048312306
CTSH_meth,0.0027157755
TNFRSF10A_meth,4.9587595e-10
SPPL2C_meth,-3.183451e-06
NPY_meth,-0.51851887
FSHB_meth,-0.80936354
A1CF_meth,0.0066953716
PEX5L_meth,-1.3374858e-05
SNCA_meth,-0.26102102
ST8SIA1_meth,-0.006098004
HOXA1_meth,-0.0001980932
GPR87_meth,1.20272825e-05
SCN3A_meth,0.039622553
TAC1_meth,0.07585166
HMGCLL1_meth,-0.00025088934
RTP4_meth,-0.008080203
IL1RAPL1_meth,1.500076e-07
PAH_meth,-0.0005828647
SLITRK1_meth,-1.6394239e-07
MUC5AC_meth,1.2499003e-09
ANKK1_meth,-0.025726663
ZPBP2_meth,-1.3812313e-05
CXCL14_meth,-3.1103207e-06
MMP9_meth,0.061766222
SLC5A8_meth,1.0738838e-05
HYAL4_meth,6.329412e-05
RIPPLY2_meth,1.111874e-09
CHL1_meth,0.040124442
UNCX_meth,-2.8820255e-10
IKZF1_meth,-8.2865226e-10
CD8A_meth,-0.0502504
NKX2-1_meth,-0.06212274
DHRS2_meth,-0.00081782544
CPLX2_meth,0.03068191
LDHB_meth,-0.017142871
GPR149_meth,0.14619203
SSTR2_meth,0.007944531
MAF_meth,-0.0104291085
GRIN3A_meth,-0.32507306
SLC13A1_meth,1.0901908e-08
IGFBP1_meth,-0.19817199
PCDH19_meth,-4.5990227e-08
HOXB2_meth,0.0009083633
FOXP2_meth,0.118513204
APRT_meth,-0.00066148397
GNAO1_meth,-0.04457138
NME5_meth,4.7056722e-07
HLA-G_meth,-0.015420035
GABBR2_meth,0.0007481897
ST8SIA3_meth,0.0048203147
SLC36A4_meth,7.011232e-06
CHST9_meth,-0.0046798494
GCG_meth,-0.13308221
TAL1_meth,-0.41191435
NPY5R_meth,-7.171412e-07
UTF1_meth,3.4325332e-08
PHOX2B_meth,3.7192593e-05
CIDEA_meth,-0.055635814
GLYATL2_meth,0.00866481
HSD17B12_meth,0.0312397
NGF_meth,-0.14241067
TBX2_meth,-0.0017435341
OTP_meth,-5.4853655e-10
GHSR_meth,-0.049214955
SLC27A6_meth,5.9177847e-08
PPM1E_meth,-3.946578e-10
EPHA5_meth,0.019403243
GREB1L_meth,0.00011912721
BHMT2_meth,-4.8312495e-07
DPP10_meth,-1.1658218e-08
ZNF638_meth,0.0001305461
NLGN1_meth,-0.0044459077
TNNT2_meth,0.009808276
TREM1_meth,0.00080537866
RSPH9_meth,1.7032827e-09
BEX1_meth,0.02482177
GABRA2_meth,-0.00025258082
GABRB1_meth,0.068103634
TRPA1_meth,-4.0298666e-05
SYNDIG1_meth,9.160242e-11
KCNS3_meth,-0.02094375
HMX3_meth,8.245441e-10
GRIA2_meth,-0.00013308342
USP51_meth,0.0512268
AR_meth,0.28860444
MSN_meth,0.0033182541
GLYATL1_meth,0.0003530074
NLRP1_meth,-0.007696218
GABRA6_meth,-0.0011070659
PCSK1_meth,0.0061385855
CASP10_meth,-0.0016430857
SLC2A9_meth,3.1682597e-05
IGFBP3_meth,0.015206258
CDH7_meth,-5.95082e-07
ST8SIA2_meth,0.010349078
GSX2_meth,0.003965555
KCNH7_meth,-0.018778997
TMEM150C_meth,2.3125338e-05
STC1_meth,0.54476136
STXBP5L_meth,-0.055426124
PTCHD1_meth,-1.7942547e-10
PRAF2_meth,7.3722556e-10
HLA-DQB1_meth,3.5832254e-08
UPK3A_meth,4.9692526e-09
IL20RB_meth,-0.013965685
RIC3_meth,7.973038e-09
NUP62CL_meth,1.2885963e-07
GPRASP2_meth,-5.1653674e-06
SET_meth,0.00015927503
UGT3A1_meth,0.06867137
IFNA4_meth,0.25954846
GABRB2_meth,-0.00083438127
AMIGO2_meth,1.6793024e-08
PAPPA_meth,-0.014674348
PCSK1N_meth,0.019491393
FBXL8_meth,-2.1774558e-09
BHLHE40_meth,-0.015351383
DIO3_meth,0.009639235
TBX21_meth,6.238332e-11
NPR3_meth,-0.01027198
ACOT12_meth,0.0012384835
DUSP26_meth,0.22700846
ABCC9_meth,-2.6136611e-05
HCK_meth,0.020280667
LIN7A_meth,1.08546585e-08
NEUROG3_meth,-0.011968676
PGLYRP1_meth,-1.018154e-07
SFRP1_meth,-0.7300176
PTPN5_meth,0.0388174
GALM_meth,-3.5569974e-06
ADM2_meth,0.11749323
OR2A4_meth,0.07708477
DGKB_meth,0.00012857998
DEFA4_meth,-0.39824668
IDS_meth,0.00043343884
SLC6A11_meth,-3.653574e-05
PTF1A_meth,-1.9633964e-10
LRRTM1_meth,-2.3456084e-10
SLC5A1_meth,8.972608e-05
GAD1_meth,3.8955317e-05
RBFOX1_meth,0.009980499
HOXA5_meth,-0.001142556
SOX2_meth,0.08083602
MKX_meth,-0.01912932
PNPLA5_meth,0.024933679
HOXD3_meth,0.0001496588
TMSB15A_meth,-0.015081751
TWIST1_meth,0.11777019
KCNK12_meth,-0.013536765
HTR5A_meth,-0.0006406629
BRCC3_meth,0.01187013
TSLP_meth,0.08171599
PYDC2_meth,-0.046263058
SCGB3A1_meth,0.030358128
DOK6_meth,-2.761398e-08
HOXA2_meth,0.054976653
SALL1_meth,-0.0004979574
CACNG8_meth,0.003173054
HOXA13_meth,0.011974715
GPRASP1_meth,0.0026065344
DEFB119_meth,1.275946e-06
GRM7_meth,-1.0084789e-08
WNK3_meth,0.06577177
SULT1C4_meth,0.00014957825
TRO_meth,3.6796983e-08
SSBP4_meth,0.0005133311
ITGB6_meth,4.1374435e-05
FOXG1_meth,-0.042148095
GRIK1_meth,0.00012210764
LTF_meth,0.017519642
FGF13_meth,0.35710755
CHGB_meth,-0.056828417
DLX1_meth,0.15921155
PRDM8_meth,6.2978273e-07
CA10_meth,0.030993298
MAP3K13_amp,8.867799e-05
PEX11B_amp,-4.2852364e-05
CDNF_amp,0.014273392
ZNF135_amp,7.9151534e-05
CLTC_amp,0.0
BUD31_amp,0.0012680924
STRAP_amp,1.0668404e-07
OXSR1_amp,0.0
REN_amp,0.0
CDK12_amp,-0.023985758
DCLRE1C_amp,9.0359455e-05
KLHL10_amp,-0.00033985102
SYT2_amp,0.0
TBC1D1_amp,0.0
LIME1_amp,0.0008883475
TRMT11_amp,0.0
PRKRIP1_amp,4.6897782e-07
LEMD3_amp,4.05666e-09
AGTR1_amp,4.4610144e-05
RPL18_amp,9.48477e-13
MMP19_amp,0.007039611
SUOX_amp,0.0004973486
KRT25_amp,5.25808e-12
NENF_amp,0.0
FCGR1B_amp,-3.8606442e-09
AOC2_amp,-0.0019228358
PDCD6IP_amp,0.0
KISS1_amp,0.0
MTG2_amp,0.00068284903
SPHK2_amp,0.0001529706
NUP107_amp,-2.0832142e-10
PLA2G4C_amp,6.1908286e-05
THPO_amp,0.0001432683
CGB2_amp,0.00041534056
EIF4G1_amp,1.8282062e-05
KRT10_amp,-0.028013784
KIF18B_amp,-6.385916e-09
SLCO1A2_amp,0.0
STT3B_amp,0.0
IL7_amp,0.0
KCNQ5_amp,0.0
AGO2_amp,0.053613152
MSRB3_amp,2.736611e-06
SAMD10_amp,1.0939177e-10
OC90_amp,0.0022925031
DNAJC5_amp,0.00018837792
IRF6_amp,0.0
PLCD3_amp,5.3945653e-11
UTS2B_amp,6.0695307e-05
NPBWR2_amp,3.0750482e-06
WDR48_amp,0.0
PIGZ_amp,-6.505324e-16
WDR19_amp,0.0
P2RY12_amp,4.1958025e-05
VDAC2_amp,-1.0489547e-07
KCNK2_amp,0.0
XPOT_amp,1.0621739e-06
TIMELESS_amp,0.00035186711
MAPKAPK2_amp,0.0
BORA_amp,0.0
MAN2B2_amp,4.1714056e-11
S1PR2_amp,0.0
EPN1_amp,4.672239e-09
ANK3_amp,0.00044929417
BRCA1_amp,-0.000891089
SLC22A13_amp,0.0
PTPRO_amp,3.308923e-05
GMNC_amp,1.1249476e-05
RAE1_amp,0.000973492
MEOX1_amp,6.5531323e-09
RIMS1_amp,0.0
CDKN2D_amp,0.0
CNP_amp,2.232629e-12
MYD88_amp,0.0
PYY_amp,-0.014840193
SUV39H2_amp,0.0029706839
GJD3_amp,-0.015201669
BTG2_amp,0.0
CCDC6_amp,7.0991336e-14
IL26_amp,-0.0014365405
TG_amp,0.05044189
EPOR_amp,0.0
ANO1_amp,0.0043159453
COMTD1_amp,0.0005781118
LILRB1_amp,0.054244768
CCL4L1_amp,9.512512e-08
SENP5_amp,2.7592337e-09
IL20_amp,0.0
RAP1B_amp,0.0024693608
NCBP2_amp,-8.49827e-13
ATF3_amp,0.0
XYLB_amp,0.0
PDCD10_amp,2.2371226e-11
TBCCD1_amp,2.440529e-06
CLCN2_amp,-1.9018007e-10
PSMA7_amp,1.6193127e-10
SAMD8_amp,0.00034119014
GFAP_amp,0.0001421825
KEAP1_amp,0.0
PTGES3_amp,0.0006310695
ABCB4_amp,0.002927855
KIF3B_amp,0.0
KIF14_amp,0.0
MAGEF1_amp,3.1960253e-12
FABP5_amp,0.0
ARL5C_amp,6.494313e-10
ATP11B_amp,3.769363e-11
ADIPOQ_amp,0.0002431747
CCR4_amp,0.0
ETNK2_amp,0.0
IFI35_amp,7.823968e-08
RNPEP_amp,0.0
IPO9_amp,0.0
RABIF_amp,0.0
CA2_amp,0.0
KAT2A_amp,-0.0102455355
GCNT7_amp,5.369012e-05
DBF4_amp,7.170513e-11
KRT8_amp,7.954926e-10
SLCO1B7_amp,0.0
SMURF1_amp,9.2294555e-10
PTPN14_amp,0.0
RB1CC1_amp,0.0
ANKIB1_amp,0.00022191521
SWSAP1_amp,0.0
ADORA1_amp,0.0
TGFB2_amp,0.0
IKBKE_amp,0.0
VEZF1_amp,0.0
ADRM1_amp,0.00010186712
EHHADH_amp,9.8022516e-05
SOX18_amp,0.00027613403
UGDH_amp,0.0
PDK4_amp,0.00029910207
SLC15A5_amp,3.3478303e-11
WNK4_amp,-0.0051248483
SLC26A9_amp,0.0
KCNMB2_amp,2.5909908e-06
POLR2H_amp,1.08146736e-07
ROCK1_amp,0.46652406
DNM2_amp,0.0
HSD17B6_amp,0.005071289
RDH16_amp,0.003290805
PTCD1_amp,-8.118587e-06
PPFIA3_amp,1.7570721e-05
ARFRP1_amp,1.0698708e-08
CA3_amp,0.0
CLDN16_amp,6.4323286e-12
AP2M1_amp,3.0446903e-05
ITGA2B_amp,-0.008808558
SMARCA4_amp,0.0
NOTCH2_amp,-0.0014875362
SLC4A1_amp,-0.0055969562
PIAS3_amp,-0.00047131232
PKP1_amp,0.0
DCAKD_amp,6.087899e-05
COMMD6_amp,0.0
FADD_amp,0.016093338
MLH1_amp,0.0
DLG1_amp,-6.658582e-09
WFS1_amp,0.021893427
NR1D1_amp,-0.049819477
LPGAT1_amp,0.0
TOP2A_amp,3.974872e-05
ATP6V0A1_amp,-2.8501123e-05
FMOD_amp,0.0
ILF3_amp,0.0
GDF1_amp,0.0
USP13_amp,7.413054e-06
HSD17B1_amp,-0.0045319586
MBNL1_amp,9.972036e-07
RPL35A_amp,6.8855146e-14
PPP6R1_amp,0.00052870886
KDM2A_amp,2.8729946e-06
PENK_amp,0.0
ETV5_amp,6.9553443e-12
HCRT_amp,-0.0014239107
FXR1_amp,7.3680617e-06
HSPA14_amp,0.0007038761
RNF43_amp,0.0
SAV1_amp,1.1856133e-10
COASY_amp,5.7691366e-05
LILRB4_amp,0.00044429064
P2RY14_amp,9.1367856e-09
FZD1_amp,0.00207088
ARHGAP32_amp,2.1744769e-05
SCN8A_amp,6.547202e-05
MYOG_amp,0.0
TSPAN14_amp,7.5302575e-10
GRWD1_amp,7.2527927e-13
PFN2_amp,7.159077e-05
CRLF1_amp,0.0
PPP1R3D_amp,-1.4545661e-11
EZH1_amp,-0.0080297515
ANKRD13D_amp,1.7654488e-06
CTCFL_amp,6.7461214e-14
IL10_amp,0.0
CD46_amp,0.0
HHAT_amp,0.0
THRA_amp,-0.0002708534
TRIM71_amp,0.0
AATF_amp,0.00810251
WNT7A_amp,0.0
PSMC3IP_amp,1.840595e-05
S100P_amp,3.1914853e-05
NOG_amp,0.0
TATDN3_amp,0.0
PSME3_amp,-0.0005106882
FIZ1_amp,0.008741024
KRT13_amp,8.622508e-11
B3GNT5_amp,1.0454913e-08
DSTYK_amp,0.0
GPR171_amp,2.4556732e-09
RPL23_amp,0.009841347
RPL14_amp,0.0
NCOA7_amp,0.0
PON3_amp,9.745985e-05
OPTC_amp,0.0
PPFIA1_amp,7.437523e-11
KCNMA1_amp,0.0042532166
ACVR2B_amp,0.0
PPAN_amp,0.0
HSD17B14_amp,1.7899069e-05
TADA2B_amp,5.1444096e-12
EIF2A_amp,3.7988535e-08
CCL3L3_amp,5.6491963e-08
GLS2_amp,0.0001263749
TLR2_amp,0.0
LXN_amp,5.297125e-08
PLXNA2_amp,0.0
SMYD2_amp,0.0
GJC1_amp,-9.001663e-09
RFC1_amp,0.0
ST6GAL1_amp,2.4707302e-07
RAP2B_amp,3.4343594e-11
TRAF5_amp,0.0
MTERF1_amp,3.1361149e-06
POLR3C_amp,-3.8836763e-05
MZT1_amp,0.0
NME2_amp,-0.008456147
TFAP2C_amp,-8.459401e-12
RASIP1_amp,-1.1273522e-09
ABCC5_amp,-3.2917401e-12
AKAP9_amp,7.468355e-05
S1PR5_amp,0.0
ABHD12B_amp,0.0015201637
CTSE_amp,0.0
CMTM6_amp,0.0
CERS1_amp,0.0
CTSZ_amp,0.0013673641
MMD_amp,0.0
SCN11A_amp,0.0
NPTX2_amp,-4.449512e-05
KCNA7_amp,4.1686167e-06
UCP3_amp,9.177907e-05
SST_amp,5.833759e-05
NMU_amp,0.0
DLEC1_amp,0.0
PIP4K2B_amp,0.00015193973
KCNH1_amp,0.0
GPR89A_amp,-0.0005549349
DGKA_amp,2.670737e-06
MAP3K14_amp,0.0023926701
CNTNAP1_amp,5.384559e-10
SOST_amp,-0.004492875
P2RY13_amp,1.978765e-05
ACAA1_amp,0.0
KHDC3L_amp,0.0
MLLT6_amp,7.147117e-05
TYK2_amp,0.0
TRIM28_amp,0.0019732276
ACVRL1_amp,0.0019321439
SLC25A13_amp,6.831978e-05
PSMB3_amp,5.0753774e-06
KLF5_amp,0.0
P2RY11_amp,0.0
YEATS2_amp,7.842665e-07
HRG_amp,1.6355247e-05
RPS13_amp,3.788903e-14
PTPN7_amp,0.0
DHX36_amp,0.00017037877
BCAT2_amp,7.1615665e-05
CDKL1_amp,0.036833484
PGM2L1_amp,7.5561725e-06
BAZ2A_amp,5.340385e-11
CDHR1_amp,-1.1180639e-08
NOXO1_amp,1.8405022e-07
ICAM3_amp,0.0
IL18_amp,0.007801738
GUSB_amp,8.624436e-09
YTHDF1_amp,0.00017015473
GRIP1_amp,0.042761803
PLEKHA1_amp,4.566991e-08
MGRN1_amp,-1.3854444e-10
DOK5_amp,0.00011801752
TIMM17A_amp,0.0
RDH8_amp,0.0
RPS24_amp,2.2566522e-10
ACTL6A_amp,7.933386e-11
IL18BP_amp,4.741958e-09
AHSG_amp,3.1170774e-05
BCL6_amp,1.2661712e-05
PAK2_amp,-8.416861e-14
NTHL1_amp,0.00021306347
FAM210B_amp,0.00088640844
SFXN2_amp,1.5373004e-08
KRT1_amp,5.5464326e-08
RASA4B_amp,7.308073e-11
ZNF639_amp,8.649225e-06
GLB1_amp,0.0
PTPRF_amp,7.1757444e-05
PPP1R15A_amp,5.9700233e-05
SMIM22_amp,-3.7312052e-14
RTP2_amp,1.7027996e-05
POM121C_amp,-2.0482906e-08
HIP1_amp,2.00412e-05
CGB7_amp,0.00016658155
P2RY1_amp,6.4978906e-07
UCP2_amp,0.016476026
HINT3_amp,0.0
EIF5AL1_amp,4.7869794e-06
CNTN5_amp,-1.5479556e-12
DLG5_amp,0.003506997
NFATC1_amp,0.0032203924
SFTPA1_amp,4.0272585e-10
GATA5_amp,0.0007354184
PDE2A_amp,0.0003415822
PDE3A_amp,0.0
HAP1_amp,-0.007818396
GRM3_amp,2.9583433e-11
TIE1_amp,0.000104513056
UBP1_amp,0.0
GAST_amp,-0.056926847
MTRNR2L5_amp,0.0020201565
NADK2_amp,4.51051e-05
PCDH15_amp,2.855282e-08
CDC6_amp,0.0029427533
DHX58_amp,-0.0038241441
KCNH4_amp,0.0032746664
CALCR_amp,0.00019928627
ASNS_amp,0.0054964693
NPVF_amp,0.0
DNAAF2_amp,-9.903804e-12
NAGS_amp,3.1182444e-06
CENPF_amp,0.0
PLET1_amp,6.783213e-10
INTS7_amp,0.0
GFER_amp,0.030461144
LAMA5_amp,0.0021945299
CYTH2_amp,1.0531918e-11
VPS37D_amp,1.695637e-10
CCS_amp,0.0010461021
ATP13A3_amp,-2.624324e-15
PTPN1_amp,0.002797129
PARL_amp,9.429741e-06
KRT18_amp,1.41601095e-08
LMLN_amp,1.1954973e-15
CTTN_amp,0.009213186
BMP7_amp,0.021168709
TOPBP1_amp,1.284805e-10
ZBED6_amp,0.0
LMTK2_amp,0.005217127
ADAM8_amp,0.0064356495
SULT2B1_amp,7.3132487e-06
MTRNR2L3_amp,0.00048987294
KRT17_amp,-0.03466123
LLPH_amp,0.00097184535
PMPCB_amp,1.2968983e-06
TBC1D10A_amp,1.3418074e-08
NTF4_amp,0.00030339125
PM20D1_amp,0.0
SSC5D_amp,1.2243025e-07
ATL1_amp,1.1117708e-10
BBS1_amp,0.034942497
SLC17A9_amp,-2.372141e-09
BATF_amp,0.0043660332
MPP2_amp,-0.0004265345
BPNT1_amp,0.0
TRIB1_amp,-4.721791e-06
SNX16_amp,0.0
CDH26_amp,6.5636963e-09
SYNRG_amp,3.3330043e-08
RAB5B_amp,0.023966052
KRT2_amp,0.00034990668
CHMP4C_amp,0.0
PHACTR3_amp,0.000870799
OSBPL3_amp,0.0
CYP2R1_amp,5.7250214e-05
CYP24A1_amp,6.922022e-06
CFAP46_amp,7.9859774e-10
RBM8A_amp,-1.0475726e-09
HSPB1_amp,3.6305177e-05
AUTS2_amp,2.5798836e-12
PTEN_amp,0.0048121344
PAX9_amp,0.0007825711
CTDSPL_amp,0.0
DHRS11_amp,-0.002070729
PCTP_amp,0.0
TMED1_amp,0.0
LTBP2_amp,3.9616043e-13
MASP1_amp,1.348634e-05
APEX1_amp,0.020923655
FABP4_amp,0.0
ZNF324_amp,9.0716636e-11
GGNBP2_amp,3.4635166e-11
SBK2_amp,9.209935e-05
CLOCK_amp,0.0
PA2G4_amp,0.00088601315
APOD_amp,2.625455e-11
CCR7_amp,-0.15728772
SEH1L_amp,0.005497143
SRGAP2_amp,0.0
ZFAND1_amp,0.0
PPIF_amp,0.0016996205
NPFF_amp,2.6929124e-06
PCMTD2_amp,4.899487e-09
PSMA6_amp,0.0030030094
LIPT2_amp,1.6991857e-09
CR1L_amp,0.0
STX1A_amp,3.3808286e-07
DGKK_amp,2.063423e-06
TRAK1_amp,0.0
CASP1_amp,0.002547949
HNRNPC_amp,2.6784003e-10
PEX1_amp,5.5816796e-11
CARD8_amp,0.0002061087
AQP2_amp,2.4335148e-07
PPP2R2D_amp,1.2291412e-12
STYXL1_amp,5.278548e-07
NEK2_amp,0.0
CCL3_amp,-0.016017947
TMEM86B_amp,0.00035103076
CCL4_amp,-0.02220976
NUMA1_amp,0.00020876074
GRN_amp,0.04311423
CDKN2C_amp,0.0021864697
SCN10A_amp,0.0
STAT5A_amp,-1.761693e-05
CCR8_amp,0.0
DBF4B_amp,-0.0071560377
ATXN3L_amp,0.0050905775
RAMP2_amp,-0.011879548
USP15_amp,0.00075220503
SLC4A8_amp,0.00015596063
NMT1_amp,-0.0015499266
CNTN2_amp,0.0
INO80C_amp,1.5024082e-08
CLN5_amp,0.0
BICC1_amp,2.938485e-11
KRT15_amp,-5.26395e-13
MTO1_amp,0.0
MYCBP2_amp,0.0
PFKFB2_amp,0.0
BMP4_amp,0.038325533
CBS_amp,1.2699282e-05
DLST_amp,2.1136947e-07
HLX_amp,0.0
ARTN_amp,0.002426476
LIPH_amp,6.065635e-07
C1QL1_amp,1.0677702e-09
AQP4_amp,0.025349472
DYRK3_amp,0.0
LAMP3_amp,1.3642638e-07
LMOD1_amp,0.0
GDPD1_amp,0.0
GTF2I_amp,0.004892747
VMP1_amp,0.0
TLR6_amp,0.0
MOS_amp,0.0
RPS20_amp,0.0
NR4A1_amp,0.00053870823
CASP5_amp,0.00063344627
DYRK2_amp,0.0016259577
AQP6_amp,3.1456352e-07
MC3R_amp,1.2018329e-06
POFUT1_amp,0.0
IL24_amp,0.0
ELF3_amp,0.0
IL1RAP_amp,0.00024035099
KRT14_amp,-0.00011320078
LIAS_amp,0.0
HLF_amp,0.0
NCF1_amp,0.00066869444
CTNNB1_amp,0.0
CPZ_amp,2.7637425e-08
RTEL1_amp,0.0001608451
CHRNA4_amp,0.00015579407
C2CD3_amp,3.9656234e-06
SOCS4_amp,0.00021290637
MDGA2_amp,3.8129422e-10
ICAM5_amp,0.0
PTTG2_amp,0.0
SEMA3A_amp,1.3375051e-05
CRYAA_amp,-1.1482284e-08
PTGER2_amp,2.216307e-11
CAMSAP2_amp,0.0
HSD11B1_amp,0.0
STAT5B_amp,-0.039586768
RPS5_amp,-1.2103204e-06
ADIPOR1_amp,0.0
ETV1_amp,0.0
ARID5B_amp,2.7619776e-10
SMARCE1_amp,-6.0979095e-12
MAP6D1_amp,1.06985745e-08
PPP2R3C_amp,0.000343478
CYB5R1_amp,0.0
TRHDE_amp,0.0001511516
ADAMTS15_amp,4.7254234e-06
GPD1L_amp,0.0
FAIM2_amp,-2.983031e-17
FBXL20_amp,3.664916e-05
SLC44A2_amp,0.0
NTN1_amp,-1.3425793e-08
ARFGAP1_amp,0.0015837235
PGM2_amp,0.0
P3H2_amp,1.3089061e-06
PON2_amp,1.9149951e-05
KRT4_amp,-5.430962e-13
FMNL3_amp,1.1214831e-14
DYNC1I1_amp,-1.2362827e-10
DNMT1_amp,0.0
RPL9_amp,0.0
ERBB3_amp,0.0008259923
SLC16A9_amp,1.1631968e-06
LYPLAL1_amp,0.0
SRGAP2C_amp,-0.010736684
CDC37_amp,0.0
GADL1_amp,0.0
PARP2_amp,0.00026652295
FOS_amp,0.008988266
DBP_amp,5.1778413e-15
MMP16_amp,0.0
PGF_amp,0.014337748
ABCB1_amp,0.001429508
ELAC2_amp,5.405647e-06
CLDN1_amp,9.2085495e-05
DLGAP5_amp,0.0006316185
B9D2_amp,0.00097008003
RANBP3L_amp,6.0648625e-10
BLOC1S4_amp,1.25513235e-08
BMPR1A_amp,0.03447843
MAT1A_amp,3.0451528e-09
FETUB_amp,1.9679399e-05
KLHL12_amp,0.0
ZDHHC24_amp,1.5361114e-10
RGS19_amp,0.0031363675
ELP4_amp,7.8784324e-05
NUAK2_amp,0.0
CPB1_amp,9.06317e-06
PON1_amp,6.986317e-05
SLCO1B3_amp,0.0
CACNA2D1_amp,1.5607277e-08
PTRH2_amp,0.0
G6PC3_amp,2.1864831e-05
KCNA4_amp,0.0003547113
WWTR1_amp,9.875125e-06
DUSP3_amp,-0.0018636689
SLCO1B1_amp,0.0
BHLHA15_amp,0.0077639353
SDR16C5_amp,0.0
SEMA3D_amp,2.7436665e-05
DERA_amp,2.7489537e-05
AQP5_amp,4.8241884e-07
ARL8A_amp,0.0
CLDN12_amp,-2.0940842e-09
TGFBR2_amp,0.0
MDH2_amp,2.5198606e-05
ATP6V0D2_amp,0.0
DIP2A_amp,0.00012903771
ADAM11_amp,-0.0015130623
TADA2A_amp,-7.764918e-12
TP63_amp,1.0305834e-05
NACA_amp,7.727276e-09
BAZ1B_amp,7.6062985e-05
CAMK1G_amp,0.0
MGAT2_amp,-4.4224077e-08
ATP2B4_amp,0.0
PTX3_amp,7.144363e-07
HEXIM1_amp,-7.557137e-05
MBOAT4_amp,1.6792335e-05
CD160_amp,-5.1320503e-06
CD55_amp,0.0
CRTC1_amp,0.0
CDH4_amp,1.0741223e-08
USH2A_amp,0.0
KCNMB3_amp,2.5910033e-06
NAGPA_amp,-5.4827268e-11
NSUN5_amp,6.90167e-12
NCKAP5L_amp,5.80744e-11
CSRP1_amp,0.0
RNF168_amp,2.5952417e-19
SENP2_amp,1.8804596e-05
DHDH_amp,9.994501e-05
ADAM22_amp,-0.0002492242
SYT12_amp,6.713213e-05
PSMD2_amp,1.1011998e-08
MBTD1_amp,1.0839712e-17
IRAK3_amp,0.012763741
NAALADL2_amp,2.632714e-05
COPE_amp,0.0
TMEM9_amp,0.0
MYO1A_amp,5.959522e-13
OSBPL10_amp,0.0
CUL5_amp,2.2660164e-11
IAPP_amp,0.0
XIRP1_amp,0.0
CP_amp,5.3831375e-08
UCHL3_amp,0.0
TBK1_amp,0.00054378546
INPP5A_amp,3.1437622e-08
KAT6B_amp,2.4856366e-09
PSMA1_amp,8.0877686e-11
LRFN4_amp,6.0865704e-09
CLASP1_amp,0.0
MLST8_amp,0.005991859
HDAC5_amp,-0.0153637575
SLC9A3R2_amp,4.80664e-10
ACVR1B_amp,0.0020456328
SEMA3C_amp,1.6900354e-05
NFRKB_amp,9.1372826e-11
GATAD1_amp,1.5391627e-13
ADNP2_amp,0.007491421
FBXL2_amp,0.0
PROX1_amp,0.0
SDR9C7_amp,0.0010662043
PAOX_amp,0.0002181557
EXOG_amp,0.0
STAT3_amp,-0.026800152
RPS21_amp,-1.9091096e-14
RABGEF1_amp,1.4235716e-11
KRT76_amp,3.9389085e-14
SLCO4A1_amp,3.224735e-07
PCGF2_amp,4.043379e-05
SFTPD_amp,0.0030659814
PIBF1_amp,0.0
IL19_amp,0.0
WRAP73_amp,2.185899e-09
TNK2_amp,-5.4333805e-13
SOX13_amp,0.0
PIGW_amp,1.02507165e-05
CR2_amp,0.0
COMP_amp,0.0
CACNA1S_amp,0.0
B4GALT2_amp,3.7500402e-05
CD36_amp,0.000102680555
VAT1_amp,-0.025110688
KDM5B_amp,0.0
P3H4_amp,1.9499435e-10
CLASP2_amp,0.0
KDELR1_amp,1.0622242e-06
CX3CR1_amp,0.0
CMTM8_amp,0.0
FUT2_amp,7.953882e-06
KLHL24_amp,1.1295926e-08
GMFB_amp,0.002822049
ALG1_amp,1.8915096e-05
KRT20_amp,0.0054227347
KLB_amp,0.0
GPR37L1_amp,0.0
MPL_amp,9.51364e-06
KRT19_amp,5.798064e-10
LGR6_amp,0.0
UBE2T_amp,0.0
TGS1_amp,0.0
FAR1_amp,1.0792588e-05
EPS8_amp,2.2883584e-09
CDC20_amp,5.303527e-05
TUBGCP2_amp,0.00055331684
CA13_amp,0.0
TSC2_amp,0.016641008
MCCC1_amp,6.513062e-09
HOXC4_amp,6.3756616e-08
SERP1_amp,2.5722047e-06
CRTAP_amp,0.0
RAB3GAP2_amp,0.0
KRIT1_amp,8.41475e-06
HRH4_amp,0.00019993141
FUT1_amp,4.4136214e-05
ASXL1_amp,0.0
CCL26_amp,1.8916725e-06
ZDHHC19_amp,6.271708e-19
CMTM7_amp,0.0
ECE2_amp,4.8377633e-06
CLRN1_amp,2.4002146e-12
OPA1_amp,-1.6349509e-10
ADCY8_amp,0.0095716715
KNG1_amp,6.15817e-05
NT5C3B_amp,-0.00012099171
KMT2E_amp,-2.3653661e-12
IPMK_amp,3.8019512e-05
SLC27A5_amp,0.0028385352
HGF_amp,3.7221136e-05
GRID1_amp,4.237985e-05
NBR1_amp,-0.00045395677
UBE2M_amp,1.1458763e-10
TOM1L1_amp,0.0
PPM1H_amp,1.07790275e-13
CSF3_amp,-0.12980512
FKBP10_amp,2.0549325e-10
ABHD16B_amp,0.0002039827
ACLY_amp,1.8406385e-05
LDLR_amp,0.0
DLAT_amp,1.40605e-12
KLF3_amp,0.0
PPME1_amp,0.00024376162
HTRA1_amp,0.00015075893
KCNC2_amp,0.000885748
LIN7B_amp,-2.930333e-11
LAX1_amp,0.0
CA1_amp,0.0
SLC30A1_amp,0.0
GAL_amp,0.009338213
RELN_amp,1.521274e-05
CCDC87_amp,0.01226671
SCN5A_amp,0.0
SLC25A21_amp,-1.9062012e-09
FGF12_amp,3.1158743e-05
BATF3_amp,0.0
COL1A2_amp,0.00059090095
PPY_amp,0.020192478
IPO13_amp,2.374516e-12
MARK1_amp,0.0
AOC3_amp,-0.0021251598
VPS25_amp,-0.0022553916
DUSP14_amp,0.00013490657
NUCKS1_amp,0.0
DNAJC7_amp,-0.004265453
BECN1_amp,-0.07805525
GRIN2D_amp,2.6050819e-05
PSMD3_amp,0.00088425446
LAMB3_amp,0.0
RAB5C_amp,-0.013091647
GCH1_amp,0.00012472653
EHD2_amp,2.0572487e-10
CASS4_amp,1.2856426e-10
HYI_amp,3.0764866e-06
GALP_amp,0.0051523848
TXNIP_amp,-0.016817482
IGFBP4_amp,-0.0009919438
LAT2_amp,8.9696935e-13
SLC25A38_amp,0.0
TFRC_amp,-1.5631257e-07
RPL27_amp,-0.005084021
CCNL1_amp,-6.481046e-09
NFKBIA_amp,0.002336243
FOXP1_amp,0.0
STEAP2_amp,1.8467164e-05
EFR3A_amp,-5.2813187e-10
COL5A3_amp,0.0
STXBP4_amp,0.0
CLDN3_amp,4.2433254e-05
SLCO1C1_amp,0.0
RAB6A_amp,0.0006145718
NME1_amp,-0.096225634
ARHGAP27_amp,3.317789e-08
MSRB1_amp,3.1825934e-05
DUSP13_amp,0.00018002185
CCL24_amp,2.193878e-12
ETV4_amp,-0.010662716
ACAP2_amp,-6.015156e-19
STEAP4_amp,-8.052907e-06
SHANK2_amp,0.0038197658
HNF1B_amp,1.357889e-07
RPSA_amp,0.0
RARA_amp,-0.10450799
SRL_amp,2.0699167e-09
IL22_amp,0.0022181107
MC5R_amp,3.3834742e-06
CR1_amp,0.0
PPP1R9A_amp,0.00030289803
PCLO_amp,1.2996038e-07
RAB3D_amp,0.0
ALKBH8_amp,2.2588843e-05
TLR10_amp,0.0
SPRN_amp,-2.4458784e-11
CGB1_amp,0.000103923434
MLF1_amp,8.6180723e-14
SLC26A5_amp,4.298956e-06
CLDN4_amp,5.8840036e-05
KCNE3_amp,0.0003024759
AURKA_amp,0.0010511675
SFRP2_amp,0.0
MAP4K5_amp,0.0025663862
CHRD_amp,1.8868912e-05
VASH2_amp,0.0
PIN1_amp,0.0
NAPEPLD_amp,5.305075e-06
NPC2_amp,0.0015386388
CRX_amp,0.0007496029
SLC7A13_amp,0.0
SLC37A3_amp,0.0
SIAH2_amp,1.3467171e-07
ALG3_amp,1.5335944e-12
PLCD1_amp,0.0
MPPED2_amp,3.5454568e-06
CDK6_amp,0.069737926
MDM4_amp,0.0
SLN_amp,1.2173984e-05
CNGB3_amp,0.0
MITF_amp,0.0
DTL_amp,0.0
KCNJ11_amp,0.0031130936
FZD2_amp,-3.840406e-05
GTPBP10_amp,7.8569373e-10
MYO19_amp,0.009817875
FBXL3_amp,0.0
CCDC103_amp,1.317555e-05
SZT2_amp,0.00067317317
RNF215_amp,-2.708648e-09
LRWD1_amp,1.95532e-11
CFAP69_amp,0.00012430098
CELA1_amp,0.00013152626
KRT16_amp,-4.787953e-13
MGST1_amp,7.275649e-14
DNAJC19_amp,3.9878795e-12
LIG1_amp,1.3284857e-07
TRIM37_amp,0.0
PIK3C2B_amp,0.0
KCNAB1_amp,2.5390498e-05
FSHB_amp,0.025168534
PEX5L_amp,5.6796496e-09
PTPN12_amp,-4.0838387e-08
GPR87_amp,6.2142416e-09
XXYLT1_amp,-5.300131e-11
TAC1_amp,-0.0007603083
FLVCR1_amp,0.0
RPL19_amp,5.5863514e-10
GYG1_amp,4.7942285e-06
PCBP2_amp,1.4077755e-06
RACGAP1_amp,0.00029727438
LRRFIP2_amp,0.0
RTP4_amp,1.72864e-05
ANXA11_amp,0.0031251528
HEXIM2_amp,5.988936e-05
SNRNP70_amp,-4.5350643e-07
INSC_amp,0.00021876027
KCNQ3_amp,0.0023823704
MFN1_amp,1.8164365e-06
CCL18_amp,4.6051234e-08
KDM4A_amp,0.00016492748
POR_amp,3.963329e-07
MED1_amp,-0.009496859
CARD16_amp,0.0055981902
VKORC1L1_amp,1.0946792e-08
NAGLU_amp,2.0930486e-07
SPRYD3_amp,-3.700306e-14
ZPBP2_amp,1.6253267e-05
OSBPL2_amp,0.00075544324
MON2_amp,1.32759585e-11
CHIT1_amp,0.0
HMGA2_amp,0.011751358
UCKL1_amp,7.831379e-06
NKX2-1_amp,0.0036021569
GPD1_amp,0.00012589799
STARD10_amp,2.3615229e-12
GPR149_amp,1.5866477e-05
IARS2_amp,0.0
BAIAP2L1_amp,1.1604194e-07
KCNJ14_amp,2.0413096e-05
JUP_amp,-0.00030294072
OOEP_amp,0.0
SLC45A3_amp,0.0
INPPL1_amp,1.8062816e-06
UPF1_amp,0.0
WDR11_amp,2.0734682e-07
BAX_amp,0.00013198447
DVL3_amp,4.5845634e-05
EPM2AIP1_amp,0.0
ST18_amp,0.0
KCNG2_amp,0.00010649693
RHBDD2_amp,1.0602305e-05
CEP192_amp,5.941284e-11
RUVBL2_amp,0.00016461687
RAB26_amp,0.0064234463
HELB_amp,1.8757843e-11
KANK2_amp,0.0
SLA_amp,-2.701267e-09
RND2_amp,-0.003416372
ALG9_amp,0.00047065486
CHST9_amp,0.013939525
FGF21_amp,0.0009223837
OSTN_amp,3.1679225e-05
LDB3_amp,2.4328067e-10
UTF1_amp,-1.0310449e-10
NLRP5_amp,-0.019684924
HTRA3_amp,0.0013972297
YBEY_amp,0.000759598
TGFB1_amp,0.015457789
CYP51A1_amp,0.000121607656
CYCS_amp,0.0
TBC1D32_amp,0.0
ICAM1_amp,0.0
NGF_amp,0.0019248864
OPRL1_amp,6.612627e-07
MYC_amp,0.2125037
PPM1E_amp,0.0
PTPN2_amp,0.000891907
POMZP3_amp,9.766961e-07
MAP3K9_amp,0.0008662023
NRROS_amp,-4.923065e-13
TNNT2_amp,0.0
DPP3_amp,0.0020078886
SLC2A1_amp,0.00030262678
SLCO2A1_amp,1.2229425e-09
ZP3_amp,8.675804e-06
ADK_amp,3.184181e-05
RAB7B_amp,0.0
PYGL_amp,0.0018261145
MIP_amp,0.0011088514
ECHS1_amp,0.0011293433
SLC35E3_amp,2.5591864e-09
ORMDL3_amp,9.6786105e-05
DIXDC1_amp,0.0044752955
TRA2B_amp,4.791538e-09
PDZK1_amp,-1.6520282e-05
AMHR2_amp,2.9757963e-05
LIMA1_amp,0.00016538717
CDK2_amp,0.06584905
LYN_amp,0.0
TOX_amp,0.0
ZGPAT_amp,0.0002499128
TIPARP_amp,1.760642e-05
IMPA1_amp,0.0
SH2B2_amp,4.1270678e-06
YWHAG_amp,5.9518316e-06
MTG1_amp,0.0006259296
DIP2B_amp,7.7075485e-05
CTSF_amp,0.00088138564
CPT1A_amp,0.07639952
DCUN1D1_amp,1.4820726e-07
FGFR2_amp,0.009494609
YOD1_amp,0.0
RTP1_amp,1.9017622e-05
HNRNPA1_amp,0.00022545579
CDK18_amp,0.0
KRT31_amp,-7.421227e-13
ARL3_amp,7.155247e-08
DGKG_amp,-3.5493115e-11
EDN3_amp,0.009977723
ASAP1_amp,0.10505138
ATF7_amp,5.6770892e-05
CARM1_amp,0.0
DNAJB13_amp,1.1385245e-11
SOAT2_amp,1.8156173e-06
UTP6_amp,-0.00015378767
MME_amp,5.8101257e-05
AARSD1_amp,-6.30457e-05
BDH1_amp,-1.13509575e-08
KIRREL3_amp,1.5568371e-08
CASC3_amp,-4.7490936e-08
DIS3_amp,0.0
PPFIA4_amp,0.0
ZMIZ1_amp,1.2972096e-05
AVPR1B_amp,0.0
BCO2_amp,0.0014347432
TF_amp,3.6121895e-05
RPS26_amp,9.59051e-15
PCMTD1_amp,0.0
LHB_amp,0.00028898785
ZNF580_amp,1.0205362e-06
PIGR_amp,0.0
ATG14_amp,0.0024017508
CCR10_amp,0.0074909963
AP1M2_amp,0.0
SRI_amp,-1.8719136e-05
TMBIM6_amp,3.786271e-05
PIK3CA_amp,1.1906402e-06
ATP9B_amp,1.1487709e-09
NUDT16L1_amp,-2.2491955e-07
GORASP1_amp,0.0
IGFN1_amp,0.0
GOLGA4_amp,0.0
CD34_amp,0.0
OSGEP_amp,-1.1298224e-06
SLC11A2_amp,8.2530005e-06
SOX2_amp,2.7491806e-05
CHMP2A_amp,0.017888863
TLR1_amp,0.0
MRPL47_amp,-3.6078847e-14
PYDC2_amp,1.2404673e-05
KPNA7_amp,7.45756e-07
GRM7_amp,0.0
ATF1_amp,5.5486203e-06
CROT_amp,2.8572535e-07
CPNE3_amp,0.0
CAND1_amp,0.00033156728
RAB29_amp,0.0
LGALS3_amp,0.001318287
STMN3_amp,1.132927e-08
PIK3C2A_amp,4.680839e-06
TBC1D4_amp,0.0
HSBP1L1_amp,2.4182385e-05
PNP_amp,0.00026505865
KCNJ5_amp,-7.115648e-10
IQCG_amp,1.9150104e-18
EEF1A1_amp,0.0
QTRT1_amp,0.0
IGF2BP2_amp,9.118627e-10
CHI3L1_amp,0.0
HRH3_amp,8.964176e-06
ADAMTS20_del,0.00012518195
ESM1_del,0.00043074
MAP3K13_del,0.14110112
PDGFRL_del,0.0
CDC20B_del,7.726952e-08
ZDHHC20_del,0.0
TWF1_del,0.00084582163
LZTS1_del,0.0
RWDD1_del,6.61164e-14
TUSC3_del,0.0
P4HA2_del,0.0
LEMD3_del,4.503069e-10
P2RX6_del,0.0
NUGGC_del,0.0
DEFA6_del,0.0
HPS4_del,0.0
APBB2_del,0.0
ZNF462_del,0.0006794596
MYO18B_del,0.0
KEL_del,0.00023265125
SLC44A1_del,0.00021325107
NPM2_del,0.0
MYADM_del,-1.742002e-10
CNTNAP2_del,2.498961e-12
ASPHD2_del,0.0
SP1_del,0.0034321495
IL4_del,0.0
TAS2R40_del,1.46176235e-05
STMN2_del,0.0
SLC13A4_del,-5.479649e-11
PTH_del,0.0009160014
HOXB4_del,0.0
IL13_del,0.0
NUP205_del,1.3882602e-09
FLT1_del,0.0
UPB1_del,0.0
SSBP1_del,1.2077839e-05
FLRT2_del,0.0
LPL_del,0.0
CBLL1_del,3.453718e-05
EIF4A1_del,0.0
IL7_del,0.0
RSPH4A_del,3.102322e-10
MGAM_del,1.3737846e-07
MSRB3_del,2.2153279e-07
TNFRSF19_del,0.0
CCDC25_del,0.0
BRCA2_del,0.0
XPOT_del,1.6212988e-07
TTLL6_del,0.0
UBE2Z_del,0.0
RPL21_del,0.0
EPN1_del,-2.515115e-09
COMT_del,0.0
UGCG_del,2.7110596e-05
DENND2A_del,6.9850956e-09
KIF2A_del,0.0064074667
VGLL2_del,9.848159e-15
CALCB_del,0.00028377224
PEX26_del,0.0
ZDHHC8_del,0.0
IRF5_del,-0.000117396004
ERCC8_del,1.6868355e-05
TNFSF15_del,0.00080496375
CSNK1A1L_del,0.0
NLRP2_del,-0.0016251823
NLRP12_del,-0.00803382
THAP5_del,-0.0011485813
SNAP25_del,0.0
SHH_del,0.012627248
HERC5_del,0.0
MAPK1_del,0.0
FLT3_del,0.0
ACSF2_del,0.0
TNC_del,0.0010846064
LILRB1_del,-0.028259903
TPTE2_del,0.0
XRCC2_del,2.4596256e-06
EPHA1_del,0.016955301
RFC3_del,0.0
RGS22_del,0.0
FBN2_del,0.0
ATP6V1F_del,-1.8950777e-07
CDX2_del,0.0
GPR37_del,-4.719132e-06
GJA1_del,0.0053053573
ALOX5AP_del,0.0
PRSS58_del,0.0005197899
CAV1_del,0.0008412192
ADRA1A_del,0.0
HOXB13_del,0.0
SEL1L_del,0.0
SLC2A11_del,0.0
FABP5_del,0.0
PPP3R2_del,2.3210265e-05
NPEPPS_del,0.0
ATP11B_del,3.2942177e-07
AGAP3_del,0.00045760244
CECR2_del,0.0
SMPD2_del,2.8325256e-05
C9orf72_del,-0.0047630877
TAS2R5_del,-1.034614e-05
MICAL1_del,2.6655802e-05
WNT9B_del,0.0
TAS2R38_del,1.46761795e-05
AADAT_del,0.0052562044
FIG4_del,0.00048674882
SENP3_del,0.0
CA2_del,0.0
PTK2B_del,0.0
KRT8_del,-1.0877193e-10
WIF1_del,7.401283e-12
CCNE2_del,0.0
SMARCB1_del,0.0
EHHADH_del,0.021615189
HSPH1_del,0.0
ELP5_del,0.0
ATP8A1_del,0.0
ADAMDEC1_del,0.0
METTL2B_del,-1.3208051e-05
LOXL2_del,0.0
EPN3_del,0.0
LILRA1_del,-1.47783085e-05
SETD2_del,0.01822243
MEGF10_del,0.0
PDE3B_del,7.0170434e-05
AVPR1A_del,0.00026728763
EME1_del,0.0
ASIC3_del,2.197183e-06
REV3L_del,4.7685305e-08
TAS2R4_del,-5.7268853e-06
PTPRH_del,-0.00043361197
DLD_del,-1.812916e-06
KCTD8_del,0.0
ABCA1_del,0.05483256
PLN_del,0.0029996606
PARP8_del,1.7439759e-06
CSGALNACT1_del,0.0
CABIN1_del,0.0
IL17D_del,0.0
HIRA_del,0.0
CCNI2_del,0.0
SCAP_del,0.0006377374
CA3_del,0.0
FSCN3_del,5.501554e-11
AP2M1_del,0.017005512
CDC45_del,0.0
VAMP5_del,2.9466343e-10
KIR3DL2_del,-0.0036212313
PRSS37_del,0.0023229436
FST_del,0.0007389545
ORC4_del,0.0
HSD17B11_del,0.0
LEP_del,-0.0030221771
PTH1R_del,0.00021283029
ATP6V1G1_del,2.6345589e-08
HEY1_del,0.0
AP1B1_del,2.7443884e-11
NEUROD4_del,0.0052303136
PPP6R1_del,-0.00035599942
MICAL3_del,0.0
SOX6_del,0.0016208048
FHIT_del,0.002574619
GTF2A1_del,0.0
ESCO2_del,0.0
GBX1_del,0.0003520681
LILRB4_del,-0.0003091127
FGF9_del,0.0
SCN8A_del,0.00025670556
CNOT7_del,0.0
DPY19L4_del,0.0
CAPG_del,2.2374436e-10
KPTN_del,-0.017493216
GEM_del,0.0
ARNTL_del,6.198198e-05
VAMP8_del,0.08204894
WWOX_del,5.7738814e-09
TMEM102_del,0.0
DPP6_del,7.292181e-11
GGCX_del,6.6099965e-05
MTRNR2L6_del,0.0006383497
UBE2H_del,-1.01288115e-05
SNX3_del,0.00014347407
ABCC8_del,6.040805e-05
DLG4_del,0.0
ATG9B_del,1.9911453e-13
RPH3AL_del,0.0
TSHR_del,0.0
CCNO_del,-4.0350283e-08
FIZ1_del,-0.0033850246
XPO7_del,0.0
VN1R2_del,-1.0278308e-05
B3GNT5_del,9.021146e-06
PRKCG_del,-0.0022952466
ISL1_del,0.0014640086
HCN1_del,0.00040043844
BCR_del,0.0
SLC25A1_del,0.0
SLC22A5_del,0.0
ADAM7_del,0.0
GGT1_del,0.0
RFPL1_del,-0.028717797
MICU3_del,0.0
CDC27_del,0.0
CSPG5_del,0.027575362
MYL3_del,0.012322968
C17orf97_del,0.0
TPSD1_del,0.00015069004
CLDN5_del,0.0
THNSL2_del,0.00015644703
MTRNR2L4_del,0.00033972427
EGFR_del,0.07927052
GNPDA2_del,0.0
TLR4_del,0.0017563113
TPH1_del,3.7384282e-08
ADAD2_del,0.000596632
HNMT_del,0.0
ST6GAL1_del,2.5258138e-05
STXBP1_del,0.00027814772
RC3H2_del,2.2407385e-06
CDK19_del,0.004209673
RUNX1_del,6.467279e-08
WDR91_del,-2.3418675e-10
UNC13A_del,0.00017420098
FGF17_del,0.0
SLC7A2_del,0.0
CALCA_del,0.00049993594
GTPBP3_del,4.460036e-06
ABCC5_del,4.900417e-09
KL_del,0.0
BRSK1_del,-0.012731433
VPS37A_del,0.0
POT1_del,-3.730036e-05
VIPR2_del,3.203295e-06
CDK4_del,0.00067398406
PKD2L1_del,0.003003292
ENPP3_del,3.250852e-05
HOXB7_del,0.0
CALCOCO2_del,0.0
DAB2IP_del,0.0016348226
NRCAM_del,0.00023292364
ABR_del,0.0
TSPAN33_del,-3.9243803e-11
RAPGEF6_del,0.0
CACNB2_del,7.394587e-07
NOS3_del,0.00496703
SST_del,0.0035578862
C5AR1_del,-0.00033479344
NOM1_del,1.3583273e-10
LIMCH1_del,0.0
HBS1L_del,1.4393513e-07
XPO4_del,0.0
STON2_del,0.0
NXN_del,0.0
DECR1_del,0.0
MMP27_del,1.3252144e-05
PDX1_del,0.0
GALNT6_del,8.826639e-15
IPO11_del,7.786096e-12
EPHX2_del,0.0
SEPSECS_del,9.719535e-06
PPP1R9B_del,0.0
RPS2_del,3.3282474e-15
ACVRL1_del,0.007764587
THOC6_del,1.07555444e-10
HIF1AN_del,6.2837894e-06
MAB21L1_del,0.0
SLX4_del,1.1354677e-10
RTN4R_del,0.0
ITGA2_del,0.00067738356
MMP25_del,6.744081e-05
HOXB1_del,0.0
CEP57L1_del,0.0020290907
FERMT3_del,-2.1201829e-10
CCKAR_del,1.9830755e-05
AGPAT5_del,0.0
YEATS2_del,0.0011558946
RPS13_del,6.565304e-13
TAS2R3_del,-1.1634237e-05
TMEM126A_del,1.4342358e-13
KDM7A_del,-2.5204413e-06
PPIL2_del,0.0
NOXO1_del,1.2315176e-09
KPNA5_del,6.874342e-07
RPL12_del,-2.1080842e-16
WFIKKN1_del,0.00032365348
RIPK4_del,-1.7219965e-12
EZH2_del,0.0059906184
CSTB_del,-1.2480635e-05
PEX7_del,4.5974693e-07
IMPDH1_del,-1.4584044e-05
ZNF618_del,0.0004897835
SLC25A18_del,0.0
GRIP1_del,5.608629e-05
CD164_del,0.0011496817
CSF2_del,0.0
TEAD1_del,1.0173025e-10
INSIG1_del,0.00026606466
IL5_del,0.0
SLC16A11_del,0.0
ACTL6A_del,4.018054e-10
BCL6_del,0.0017796843
NTHL1_del,3.5528612e-06
RPL28_del,-2.2294656e-14
CLCN1_del,0.00022486414
IFNK_del,-0.05068308
UCHL1_del,0.0
PFKL_del,-1.6565176e-08
TRAF1_del,0.00034484756
ZNF639_del,0.0012862792
NSF_del,0.0
ARHGEF5_del,0.0011168418
ATP6V1B2_del,0.0
PGP_del,3.530467e-05
TBXAS1_del,0.0016572215
DKK3_del,3.7834392e-11
CCNF_del,7.2468316e-09
PBK_del,0.0
RTP2_del,0.00052561145
TFIP11_del,0.0
REPIN1_del,1.9807626e-11
HINT3_del,4.0944058e-05
CNTN5_del,-7.5526824e-12
MNX1_del,8.416014e-08
HEBP2_del,1.3589846e-05
SLC26A3_del,-0.00046091294
PDE3A_del,0.011715448
B3GALT5_del,6.7638e-09
IRAK4_del,0.0029425863
SERPIND1_del,0.0
LDHC_del,2.3841658e-05
NLRP7_del,-0.009827822
PRAME_del,0.0
DDT_del,0.0
MTNR1B_del,0.000101430305
RANBP1_del,0.0
SND1_del,-0.00027354129
MYOD1_del,0.00016056251
GFER_del,0.0034806656
WDR24_del,0.0064513306
TOB1_del,0.0
GTF3A_del,0.0
METTL1_del,7.5588275e-07
CUL1_del,4.488192e-11
BNIP3L_del,0.0
PIK3CG_del,0.00050199387
DCUN1D4_del,0.0
ASF1A_del,1.4063694e-12
HOXB8_del,0.0
PIP5K1B_del,3.3894746e-06
TSKU_del,0.001704763
MAP7_del,-7.8145975e-13
ZDHHC2_del,0.0
SEC63_del,2.6075303e-10
PARL_del,0.014438783
KRT18_del,-8.60009e-09
LYRM7_del,0.0
SH3BGR_del,-5.559886e-19
XYLT2_del,0.0
RRAS2_del,2.6999522e-05
DOK2_del,0.0
KLHL22_del,0.0
KLF4_del,0.017424349
AGK_del,-3.1381937e-06
CYP27B1_del,7.442024e-05
MEFV_del,8.7839535e-06
LLPH_del,8.410239e-06
ANKH_del,0.00031486177
DVL2_del,0.0
PTPRK_del,0.0018467344
MAPK8IP1_del,2.0382633e-06
HINT1_del,0.0
OTUD6B_del,0.0
GABRA4_del,0.0
GAPVD1_del,1.0980394e-07
SSC5D_del,-4.3678188e-08
CDH17_del,0.0
LRRC4_del,-2.401605e-06
GUF1_del,0.0
NEK6_del,0.0006331563
FABP1_del,1.9527788e-06
SNX16_del,0.0
MSR1_del,0.0
MEIOB_del,5.4252305e-06
CREBBP_del,0.0052814176
CHMP4C_del,0.0
CYP2R1_del,5.4528464e-06
TFF2_del,7.6357406e-17
KDM5C_del,3.5702425e-07
PCM1_del,0.0
THAP7_del,0.0
DPYSL2_del,0.0
DNASE1L2_del,6.175393e-06
SAMD14_del,0.0
AKNA_del,0.00010341351
USH1C_del,2.4853376e-11
CLU_del,0.0
OPN1SW_del,-2.2127904e-06
RPF2_del,2.3522901e-07
LATS2_del,0.0
STUB1_del,0.0004399878
BCLAF1_del,0.0012671798
PPM1F_del,0.0
CTDNEP1_del,0.0
PRODH_del,0.0
EIF2B5_del,0.0015996548
MOCS2_del,1.7699838e-05
CLDN7_del,0.0
MASP1_del,0.00031545735
FABP4_del,0.0
CDC42SE2_del,0.0
PODXL_del,-0.0015717602
PTPRB_del,8.924095e-06
DLX3_del,0.0
SBK2_del,-0.00039012058
HDDC2_del,5.341462e-07
CORO7_del,3.3112653e-12
POSTN_del,0.0
AKR1B15_del,0.00014366137
OTOG_del,7.2265474e-09
PPARGC1A_del,0.05124402
NAA60_del,3.55733e-07
PEX3_del,2.8560258e-11
MICU2_del,0.0
TFF1_del,1.2776916e-07
ZFAND1_del,0.0
SLC2A12_del,5.160544e-10
NLRC3_del,0.00065762945
NPFF_del,2.127396e-05
DPM2_del,1.32957725e-08
SEC31B_del,7.489485e-13
WNT3_del,0.0
TFF3_del,6.352834e-07
LRGUK_del,-3.238828e-06
PI4KA_del,0.0
ENG_del,1.4526027e-05
CLDN14_del,5.9769686e-15
PDP1_del,0.0
CACNA1G_del,0.0
PERP_del,6.614125e-13
ALG5_del,0.0
RSAD1_del,0.0
AVIL_del,2.4857286e-13
CEP57_del,0.00014987696
IL17RA_del,0.0
NUB1_del,7.7531455e-05
AKR1B10_del,0.00017269621
ADORA2A_del,0.0
ANGPT2_del,0.0
GALNT18_del,-4.1858135e-13
SLC16A13_del,0.0
ELP3_del,0.0
TMEM86B_del,-0.00011227022
PNPLA8_del,3.0331461e-05
EPHB6_del,0.0012161274
MIPEP_del,0.0
STX7_del,1.8803208e-08
KCND2_del,-0.0002459316
MRPS28_del,0.0
ST7_del,8.612397e-12
PKMYT1_del,1.098947e-10
EBF2_del,0.0
USP15_del,3.7319383e-05
LILRA5_del,-0.003544833
MUSK_del,0.00039966044
LILRB2_del,-0.014388105
SLC4A8_del,0.00078620104
LILRB5_del,-1.5743395e-05
WEE2_del,-0.00051675225
CHCHD10_del,0.0
IL11_del,-0.032124903
PIP_del,0.00029906828
UBE2L6_del,1.2282065e-05
SOX8_del,0.0035524028
MX1_del,9.7485076e-12
PRSS1_del,0.0005446533
EN2_del,5.5983548e-14
LIPH_del,1.2396336e-05
TNK1_del,0.0
LAMP3_del,0.00044592578
SUMO3_del,-2.724024e-12
PDCL_del,5.6412507e-08
DLG2_del,3.8409874e-12
TMSB10_del,0.043098595
CTR9_del,0.00085420895
PRKAG2_del,0.0028339517
SLC7A4_del,0.0
DPY19L2_del,6.842488e-05
BID_del,0.0
NR4A1_del,0.007299514
GDF9_del,0.0
AMPD3_del,3.115038e-05
PICALM_del,0.0002526385
FASTK_del,0.00047395457
GZMA_del,0.00016608888
BTBD18_del,0.0025114126
ITGA3_del,0.0
MRPL57_del,0.0
BLOC1S2_del,0.0015991164
MICAL2_del,2.0572276e-07
PANX1_del,2.0958788e-08
ARVCF_del,0.0
OLIG3_del,8.616965e-09
TNNT1_del,-0.004032273
STMN4_del,0.0
HOXB3_del,0.0
BRINP1_del,0.00171995
DLC1_del,0.0
EPHB3_del,0.0011078548
COL1A1_del,0.0
ALG10B_del,4.1455928e-13
ACSL6_del,0.0
MTMR2_del,8.253744e-05
TMEM231_del,0.00212476
STAM_del,1.1956514e-12
CHSY3_del,0.0
BCL6B_del,0.0
MTRNR2L8_del,1.8245673e-05
ECHDC1_del,0.00019186917
SLC26A7_del,0.0
TPK1_del,3.1270305e-05
RRP1B_del,-4.0300167e-17
FPGS_del,1.8041698e-07
GABRG1_del,0.0
ENDOD1_del,9.726814e-07
NEFL_del,0.0
CALB1_del,0.0
ESYT2_del,1.5034402e-10
ADAMTS19_del,0.0
TPSB2_del,0.00016111297
PPM1K_del,0.0
SMARCC1_del,3.4452254e-12
IQSEC2_del,1.6331403e-06
TRPT1_del,-5.5772997e-08
ABCD2_del,-6.4563954e-10
CRKL_del,0.0
SHROOM1_del,0.0
MAP6D1_del,0.0024117604
SLC25A25_del,9.96857e-07
NEFH_del,-1.1309647e-11
MORC3_del,-4.716764e-12
LILRA2_del,-0.0037255553
AK1_del,1.8988537e-08
BRWD1_del,-2.5719448e-21
CALD1_del,2.333647e-13
GFRA2_del,0.0
TRPV6_del,0.0009185317
PGLS_del,1.2686854e-05
PLVAP_del,2.006376e-12
TPSG1_del,0.00018893657
PBX3_del,4.1535707e-14
ZNF277_del,-0.0005014807
AMOTL1_del,4.4002893e-05
BPGM_del,3.0025503e-05
ST8SIA6_del,8.9565816e-05
CCNA1_del,0.0
GNAZ_del,0.0
FOXO3_del,0.0016236168
CLDN9_del,4.062401e-11
SPATA13_del,0.0
ZNF160_del,-4.5561124e-13
ABCC3_del,0.0
SYT5_del,1.0153747e-11
GNPTG_del,1.0983375e-09
USP47_del,0.00034370285
CHRNB1_del,0.0
MMP16_del,0.0
FTCD_del,2.4625744e-09
FUT4_del,2.0853222e-05
SLC22A16_del,6.811922e-08
DOCK5_del,0.0
WASF3_del,0.0
RNF19A_del,0.0
SLC18A1_del,0.0
ALAD_del,0.0013378967
TRDN_del,0.00024967515
SLC37A1_del,3.2582274e-17
DNAJB9_del,-1.3539345e-17
BAIAP3_del,5.2589993e-08
MAPK8IP3_del,0.0008009764
GNRH1_del,0.0
BST2_del,0.00051217014
GPR84_del,9.51014e-08
SLCO1B3_del,2.4495898e-07
GPR6_del,1.5967264e-10
TOP3B_del,0.0
ITGB3_del,0.0
NKX2-6_del,0.0
HOXB9_del,0.0
COL27A1_del,7.638583e-12
SLC4A2_del,0.00022544026
SH2D6_del,-1.0311602e-09
SLC7A1_del,0.0
COL18A1_del,8.856788e-18
HOXB5_del,0.0
NDUFAF2_del,1.699813e-06
TMEM86A_del,5.8322814e-07
ATP6V0D2_del,0.0
DIP2A_del,-3.14379e-11
LHX2_del,5.367891e-09
MMP11_del,0.0
HILPDA_del,0.00018994983
NDUFS4_del,3.991566e-06
PEX16_del,1.0644568e-12
IL22RA2_del,1.4632847e-07
NKX3-1_del,0.0
CDC26_del,7.7613884e-05
TRIO_del,2.9163942e-11
NR2E1_del,0.0010227652
KCNMB3_del,6.9190966e-05
NAGPA_del,2.0240311e-11
RARRES2_del,0.00033611082
SPARCL1_del,0.0
NAPA_del,-2.2491868e-10
CACNG7_del,-8.909697e-05
CLCN7_del,3.4443917e-06
USP12_del,0.0
TSPEAR_del,-5.790308e-10
FGF20_del,0.0
IRF8_del,0.04181166
LDHA_del,2.3734308e-05
ITGA1_del,1.5912427e-05
SENP2_del,0.00054184475
DGCR8_del,0.0
PSMD2_del,9.330263e-06
TNFSF13_del,0.0
UBE2G2_del,-1.8484379e-12
C5AR2_del,-0.0004824296
MYB_del,0.00041886332
IRAK3_del,0.00017605444
ST3GAL5_del,3.7194226e-05
JMJD8_del,4.4356943e-06
DIO2_del,0.0
SLC46A2_del,1.9567546e-11
PRSS23_del,2.0391137e-05
IRF1_del,0.0
ARG1_del,0.0015035847
AK9_del,-1.6164893e-08
HR_del,0.0
ACTL7B_del,1.2134133e-13
CHPF2_del,0.0001392238
LDHAL6A_del,2.333202e-05
APBA1_del,7.4254393e-07
TBK1_del,3.179774e-05
HLCS_del,-1.2484113e-14
NBN_del,0.0
PSMA1_del,6.6773184e-12
ZDHHC5_del,1.9319502e-06
PDLIM4_del,0.0
USP18_del,0.0
BACE2_del,1.5749474e-09
MLST8_del,0.0005796332
SLC9A3R2_del,6.286707e-10
NLGN2_del,0.0
ACVR1B_del,0.014177337
SMC2_del,1.641091e-05
PTPN23_del,0.029837916
PIWIL4_del,8.440004e-05
PAXIP1_del,0.002358189
OSGIN2_del,0.0
TNFSF12_del,0.0
CLTCL1_del,0.0
DERL3_del,0.0
RABGAP1_del,7.124347e-10
FRK_del,0.0008776163
PLXNA4_del,-0.00280383
JAG1_del,0.0
BAMBI_del,0.026669938
DMTN_del,0.0
LILRA4_del,-9.097843e-06
RTN4RL2_del,0.0011387625
PRSS22_del,0.00019434844
TRABD2A_del,0.0030799855
DHX30_del,6.6901266e-05
SMPDL3A_del,1.1125285e-06
TMPRSS2_del,7.967617e-14
GRXCR1_del,0.0
MAP4_del,-8.386869e-11
WNT2_del,-0.0017530281
GNAQ_del,1.5688821e-10
PELO_del,4.1797916e-06
LMX1B_del,9.8933895e-14
MMP20_del,1.3138053e-05
ARID2_del,4.0295015e-10
TFPT_del,4.2756736e-09
BRAF_del,8.592673e-05
PPP2R2A_del,0.0
PCDH11X_del,0.0
PTPRN2_del,0.00026969242
KLHL24_del,0.00010612256
MCIDAS_del,0.00027561188
ALG1_del,0.0012660765
PRSS27_del,0.00016131825
MYL4_del,0.0
AMD1_del,1.3200151e-06
RPS9_del,-4.665966e-06
FAR1_del,1.243174e-06
ECI1_del,5.6927787e-05
VSTM1_del,-0.011977384
CLDN6_del,-4.2451315e-10
CA13_del,0.0
CLEC10A_del,0.0
TNPO3_del,1.1445862e-11
CDK8_del,0.0
TSC2_del,0.0019008033
TP53INP1_del,0.0
GGTLC2_del,0.0
MCCC1_del,1.7964538e-05
HOXC4_del,1.8232272e-07
PARVA_del,5.324913e-06
PDK2_del,0.0
GSX1_del,0.0
NT5DC1_del,1.9914858e-06
EIF5A_del,0.0
KDM4D_del,0.00012900314
IL1RAPL2_del,0.0
ECE2_del,0.00014481804
CASP2_del,0.00029604253
DNMT3L_del,5.9431382e-08
KNG1_del,0.0021933697
TRPC6_del,2.714375e-08
SLC27A1_del,2.5849267e-05
CAPZA2_del,2.7642015e-11
SKAP1_del,0.0
PRSS33_del,0.00016044288
KCNJ6_del,-4.759655e-10
SNF8_del,0.0
HOXB6_del,0.0
DYNC2H1_del,2.5891515e-11
PPM1H_del,-1.9017643e-12
GPR21_del,9.252981e-05
MTMR7_del,0.0
SMO_del,-0.002849641
ADAM28_del,0.0
KCNH2_del,4.984028e-05
TRIM32_del,0.001324615
STRIP2_del,5.1071808e-14
CCT8L2_del,0.0
TMEM117_del,0.00023463
PIP5KL1_del,3.4092882e-06
CA1_del,0.0
EFNB3_del,0.0
SNX18_del,3.5763024e-11
GPR12_del,0.0
SGCZ_del,0.0
FKTN_del,2.0766402e-07
KIF3A_del,0.0
MIF_del,0.0
TXN_del,2.1771606e-05
WNT8B_del,0.013790757
FZD4_del,0.00036529626
FSTL4_del,0.0
CD24_del,0.0007902252
KCNJ15_del,4.631447e-13
APELA_del,0.11161511
ABCG1_del,-5.304495e-07
SMARCD3_del,1.4066317e-09
MKKS_del,0.0
UBE2I_del,7.1156355e-05
MDFIC_del,5.39323e-06
KIF9_del,1.2440619e-11
HIPK2_del,-6.5258995e-05
TJP2_del,2.9862007e-12
PPP6C_del,1.8812092e-12
TAS2R39_del,1.2688193e-05
WFIKKN2_del,0.0
SLCO1C1_del,6.115356e-06
ARHGAP35_del,-0.0024664754
RGS3_del,0.0016694675
RBBP4_del,3.1420908e-11
MSRB1_del,3.4777662e-07
CEP78_del,1.4055497e-12
DHX15_del,0.0010378542
CAV2_del,1.1005633e-11
TBX1_del,0.0
TPD52L1_del,7.66871e-11
FAM3B_del,-7.574895e-13
KCNG4_del,0.0073797414
ARMC2_del,2.0220334e-12
TNNI3_del,-8.195298e-06
SLC22A4_del,0.0
GRM8_del,-4.3193834e-13
WAC_del,0.003679451
ALDOB_del,6.694639e-06
CBR3_del,-9.689231e-13
DEFB1_del,0.0
CHRD_del,0.0017749573
VASH2_del,4.7742697e-06
GZMK_del,9.481309e-05
DIMT1_del,1.509362e-07
LSM8_del,1.9685183e-05
SLC7A13_del,0.0
NCAPG2_del,0.0014362913
SLC37A3_del,4.2230105e-11
DCLK1_del,0.0
ALG3_del,7.3640116e-14
AKAP7_del,9.517151e-08
PRKACG_del,0.00046687617
ITGB2_del,-2.7507085e-12
CNGB3_del,0.0
CHAD_del,0.0
CD68_del,0.0
MBOAT7_del,-0.0006448384
COL10A1_del,3.4609543e-10
KCNJ11_del,0.00059805653
STRA8_del,-2.0178133e-05
SCARA3_del,0.0
SLC16A10_del,3.718469e-07
ACTL7A_del,6.98703e-16
PRSS21_del,0.00016094392
HSPA5_del,0.0007321476
TNFRSF10A_del,0.0
CELA1_del,0.00046806652
TAS2R16_del,-5.581397e-06
PSMB7_del,2.1269764e-06
DNAJC19_del,-1.5037055e-10
RHBDL1_del,0.00016134845
SCARF2_del,0.0
EIF4G2_del,0.00014860195
TIMM22_del,0.0
EMB_del,-5.0328968e-08
PEX5L_del,3.69754e-08
AMDHD2_del,5.411142e-07
FLVCR1_del,1.268374e-06
PCBP2_del,6.1007127e-06
AIRE_del,4.625477e-18
ADARB1_del,4.0513157e-09
CDK5RAP2_del,0.0015061662
RTP4_del,0.0005728804
DNAAF1_del,1.1103533e-05
SGK1_del,0.0002392823
ANO6_del,4.505978e-12
INSC_del,7.3214896e-06
GNS_del,3.359616e-07
MAPKAP1_del,2.0941368e-05
URAD_del,0.0
CLP1_del,4.549908e-06
CPA2_del,-3.802637e-05
TPSAB1_del,0.00016113868
CHMP7_del,0.0
RSPH1_del,-4.8830544e-18
MFN1_del,5.113267e-05
RBPJ_del,0.084732175
ZDHHC7_del,0.00088912895
SCARA5_del,0.0
VNN2_del,1.5883867e-05
FGL1_del,0.0
SUSD2_del,0.0
LILRA6_del,-1.5748954e-05
POLE3_del,8.6292665e-08
SLC43A1_del,1.5367883e-07
MON2_del,1.4471319e-12
HYAL4_del,-1.9441022e-05
TMEM38B_del,9.6894055e-11
SLC12A2_del,0.0
PRICKLE1_del,1.1676434e-07
USP10_del,0.004774192
HMGA2_del,0.00018081344
IFT140_del,1.3401449e-08
LRRC70_del,0.0008785917
MCM9_del,7.936882e-06
ADM_del,0.00043410005
TMC4_del,-3.4225943e-07
MTPN_del,-0.002951043
UMODL1_del,3.8045697e-10
XKR5_del,0.0
MRPS34_del,5.2642634e-13
IL3_del,0.0
TIMM10_del,2.2517391e-10
GRIN3A_del,0.028759057
TCF7L1_del,2.0127956e-05
ALDH8A1_del,1.6093636e-05
SLC13A1_del,7.406683e-10
DVL3_del,0.08130788
RPIA_del,1.1072085e-06
GPS2_del,0.0
ALG10_del,4.722259e-12
HOXB2_del,0.0
FOXP2_del,0.0011642693
DNAJB6_del,0.00037949512
RAB26_del,0.0005372684
HELB_del,2.3591172e-14
RXFP2_del,0.0
SLC36A4_del,4.7509316e-09
PARP12_del,-2.5598747e-06
NLRP5_del,-0.0075162975
YBEY_del,2.6983407e-05
PHOX2B_del,0.0
TBC1D32_del,1.0325128e-11
SPON1_del,0.00015218958
NSUN6_del,1.9903973e-05
CYLC2_del,3.9789258e-14
SLC27A6_del,0.0
GINS2_del,1.0321195e-10
VN1R4_del,-1.0279051e-05
DDO_del,0.00016265549
BAAT_del,0.0018979558
GABRA2_del,0.0
PTRH1_del,8.29822e-06
GALNT11_del,1.859176e-07
DOC2B_del,0.0
SHISA7_del,-0.003433094
CHST5_del,0.00010089933
TPD52_del,0.0
TRPC4_del,0.0
VPS53_del,0.0
RHOT2_del,1.8787346e-12
PSAT1_del,0.00044736406
HMGB1_del,0.0
ACVR2A_del,0.0
CHRNA2_del,0.0
ATP8A2_del,0.0
LEAP2_del,0.0
AMHR2_del,0.00037123243
CDK5_del,0.008466492
ARL5B_del,3.7818004e-10
ZYX_del,0.00040741035
SGCG_del,0.0
LILRB3_del,-1.5687552e-05
IMPA1_del,0.0
STC1_del,0.0
AOC1_del,0.0020833758
RAD23B_del,1.0613339e-05
MCPH1_del,0.0
DCUN1D1_del,0.0004617293
FAHD1_del,8.034376e-07
RIPK2_del,0.0
ANKLE1_del,0.00046850022
ST6GALNAC6_del,0.00011185157
RTP1_del,0.00046721462
HNRNPA1_del,0.0027075317
GGT5_del,0.0
LTV1_del,1.0196407e-09
SNAP29_del,0.0
SLC2A4_del,0.0
PRDM15_del,-4.350577e-12
TNFSF8_del,0.0016909216
AMBP_del,2.9604875e-05
IL32_del,0.0067687235
UEVLD_del,1.2963843e-11
PAPPA_del,2.858219e-05
STRBP_del,3.8828757e-06
SLC2A13_del,2.1945763e-05
ACADVL_del,0.0
CENPW_del,-6.930307e-11
ATF7_del,0.00063581846
CITED2_del,0.0019635707
CTDSP2_del,3.196916e-11
PTGR1_del,0.00032948036
PRKAR2B_del,-3.219153e-05
SESN3_del,0.00056578865
PTPRR_del,6.6194145e-05
SLC35B4_del,6.6581485e-10
SESN1_del,0.003195196
PTPN5_del,5.5921037e-06
AKR1B1_del,0.0007432621
ZNF580_del,-7.3935e-07
OR2A4_del,0.00018232378
WASF1_del,6.0632547e-06
ASGR2_del,0.0
ZNF205_del,0.00031204292
PIK3CA_del,0.00014310783
TMEM204_del,7.8812845e-05
GGTLC3_del,0.0
DEFA4_del,0.0
FUCA2_del,2.1688086e-07
UBE2S_del,-3.1344218e-05
CTNND1_del,5.7023088e-11
SOX2_del,0.0027457334
TRPM2_del,3.4391263e-07
OLFML2A_del,1.4390096e-10
MET_del,-7.714728e-06
HAGH_del,1.6299422e-06
UBE2L3_del,0.0
HTR5A_del,9.825601e-07
RPL35_del,9.916048e-13
MRPL47_del,-1.1274052e-12
CDH12_del,1.0435554e-09
ANAPC4_del,0.0008744971
SNRPD3_del,0.0
CACNG8_del,-8.871492e-05
TANGO2_del,0.0
RAD50_del,0.0
VNN1_del,1.19508595e-05
PTPN3_del,7.6551536e-05
ABCG2_del,0.0
TMEM150A_del,1.5784743e-10
CPNE3_del,0.0
FGF11_del,0.0
EXOC4_del,-1.7854735e-09
PIK3C2A_del,5.331075e-07
GABARAP_del,0.0
MAN1A1_del,1.6912345e-05
HBP1_del,2.766793e-10
CACNA1H_del,0.000591953
DSE_del,0.00022911512
GGT2_del,0.0
ASAH1_del,0.0
LAMA2_del,0.00035147625
CLIC6_del,-3.8684047e-12
PCBP3_exp,-0.0009225526
DUSP8_exp,-0.0075589474
SPTBN2_exp,-1.0666218e-12
ESPNL_exp,-1.0471946e-10
PDXP_exp,-0.01879958
SERPINE1_exp,0.24004573
SCGB2A1_exp,-1.5642748e-11
CACNA1C_exp,-0.12639783
NKX6-1_exp,0.21438912
MMP8_exp,0.008872731
S100A16_exp,0.020796636
PRB3_exp,-7.707734e-08
NCAM1_exp,0.0008828422
ELAVL4_exp,0.04741314
NLGN4X_exp,0.0010259856
CARTPT_exp,0.0017515677
SCG2_exp,0.36780244
TBC1D10C_exp,3.862969e-07
OGDHL_exp,0.00054322946
IRX2_exp,-1.7084599e-09
DKK1_exp,0.28805256
CASQ2_exp,-0.0337103
GPR83_exp,-8.927313e-06
RTKN2_exp,0.03862239
TNFRSF4_exp,-0.00075333274
RTN4RL1_exp,-0.0010891465
MYOF_exp,4.599471e-10
TMEM63C_exp,-1.0128605e-09
NRG3_exp,-0.4380439
DUSP15_exp,-0.00051438774
P2RX6_exp,0.0012488087
TRIM46_exp,-1.8908912e-09
DEFA6_exp,0.03505167
DSCAM_exp,-0.026099958
FOXD1_exp,-0.0051176166
AGTR1_exp,-0.25985515
CDA_exp,0.16536707
FFAR2_exp,-0.05751237
CEACAM5_exp,-1.0644634e-06
IQGAP3_exp,-0.9506895
MCM4_exp,0.0004340384
MYO18B_exp,9.416653e-10
KEL_exp,-0.0057222424
CCL23_exp,-5.7217235e-08
LRRTM2_exp,-1.0555778e-10
DTNA_exp,-9.1790714e-10
PTPRN_exp,0.006290276
CNTNAP2_exp,-6.5513168e-12
RHOD_exp,0.81774807
COL22A1_exp,-1.2636011e-09
ADCY4_exp,-1.0221195e-08
CRYM_exp,-0.0015947142
PLAT_exp,0.018689552
PCDH7_exp,2.4029796e-07
IL4_exp,-0.1357096
MGARP_exp,-0.00014219152
PLCB4_exp,0.0002897052
NEIL1_exp,-9.035448e-05
CDKN3_exp,6.9978645e-09
SLC16A5_exp,-6.461734e-05
FCN1_exp,-4.7352495e-09
KISS1_exp,0.022234466
SCAMP5_exp,0.08697501
ZG16_exp,-1.885413e-08
GNB3_exp,-0.18721093
EBI3_exp,-0.4886051
KIF18B_exp,-8.951401e-08
GNG7_exp,-2.045791e-05
AMPH_exp,-4.52958e-08
PKP3_exp,-2.296988e-05
TNFSF18_exp,1.9098501
ALOX12B_exp,-0.041168675
CSN1S1_exp,0.08869896
UBE2QL1_exp,0.00028011465
DNAI2_exp,1.6798398e-11
ASF1B_exp,1.1288963e-09
CPT1C_exp,6.0483613e-05
LHX1_exp,-0.3269709
KRT5_exp,-2.4773029e-12
RRM2_exp,0.0034038753
TTLL6_exp,-0.112700485
TGM5_exp,-7.913402e-11
UGT2B4_exp,-0.0016115414
RAB39B_exp,0.004090349
IL36B_exp,0.057587534
KSR2_exp,-4.8039676e-12
AMH_exp,-1.2525622
IGSF9_exp,0.018859444
ASPM_exp,-2.3962073e-08
NAP1L2_exp,0.014350644
SLC6A13_exp,-5.242626e-06
PGM5_exp,-4.9225135e-10
APOH_exp,0.0099252
CPT1B_exp,-0.0003936902
CETP_exp,-0.0147286635
NLRP2_exp,0.014729329
ARHGAP4_exp,-5.0310684e-12
WNT10B_exp,-0.2781
PTPRT_exp,0.0006891241
SNAP25_exp,0.022038879
KLK8_exp,0.053133406
BTG2_exp,-0.0002219548
S1PR4_exp,-1.0800873e-08
KLHL3_exp,-0.058437027
PTGFR_exp,-1.936655e-09
WNT11_exp,1.4541175
GAL3ST1_exp,-0.0027052152
S100A14_exp,0.01027018
ANO1_exp,0.080568604
KCNC1_exp,0.002576558
ALDH3B2_exp,0.00077994633
ALPP_exp,-3.7823786e-05
HPX_exp,-2.0270086e-09
HAPLN2_exp,-1.04219754e-13
TPTE2_exp,-1.729349e-05
NPR1_exp,-0.5835165
PLBD1_exp,0.016203247
HTR2B_exp,-1.5186943
S100B_exp,-0.067961864
GNG8_exp,-0.08094174
TCAP_exp,0.0009821478
EXO1_exp,0.00025869545
CCL14_exp,2.3106843e-08
MT3_exp,-0.1102254
NCBP2L_exp,-4.358318e-05
LRP3_exp,-2.4610711e-09
HK2_exp,0.00033034018
NIM1K_exp,-0.068287514
NRG2_exp,-0.10221684
CPEB1_exp,-0.019555265
COLQ_exp,-0.31695274
SNX32_exp,-2.3003034e-07
TK1_exp,0.0016676608
RPE65_exp,0.0008949814
SMOC1_exp,0.041702896
CYFIP2_exp,-1.7220943e-08
EREG_exp,0.27048063
PGBD5_exp,-4.039336e-06
CAV1_exp,0.1376889
ABCB4_exp,-0.18104532
HPN_exp,-0.17456575
RNF157_exp,-4.536993e-08
KIF14_exp,-0.048299935
NPAS4_exp,0.0020452412
PCDH8_exp,-2.4963558e-09
AGBL4_exp,-1.0916175e-06
PROZ_exp,-0.015579488
CXCL12_exp,-0.5706038
APOA4_exp,0.7643418
SSBP2_exp,-0.0009186104
JPH4_exp,-1.9438406e-11
ADIPOQ_exp,0.050850812
BRSK2_exp,0.030682715
WNT7B_exp,1.7096175
ASB2_exp,-0.00020182457
KCNA5_exp,-0.03573014
SLC25A45_exp,-2.725414e-08
LCN2_exp,0.12553297
UBE2C_exp,0.00016090262
GRHL1_exp,4.28122e-12
SULT1C3_exp,-0.0014438697
ATCAY_exp,0.00882461
GNA15_exp,1.11691725e-10
ROS1_exp,0.053731013
ATP2A3_exp,0.005014028
KCNH6_exp,0.019769212
TNR_exp,0.0047355345
RPS6KA6_exp,-0.10351172
AMER3_exp,-4.6408602e-10
SLITRK2_exp,0.002077463
ANXA1_exp,0.05066584
FRRS1L_exp,-9.398231e-08
ADA_exp,0.5908508
CA8_exp,-0.0059633944
PRSS57_exp,-9.428154e-05
SCN2A_exp,-0.01808944
NFASC_exp,-1.2406393e-09
TGFB2_exp,1.3698305
ARX_exp,0.056117274
E2F7_exp,6.591355e-11
HNF1A_exp,-2.1655572e-08
SALL2_exp,-2.1931639e-09
ANKS4B_exp,5.3473794e-08
ATP8A1_exp,-0.014431388
INSL5_exp,-0.017688883
LOXL2_exp,0.2524878
PDK4_exp,-0.13930883
CYP2C9_exp,-0.012368197
EPN3_exp,-6.181205e-08
WNK4_exp,-0.021357927
SLC26A9_exp,0.00025283333
ABCA5_exp,-0.00075603824
NCALD_exp,-0.029738532
KCNMB2_exp,0.0028620446
FOXL2_exp,0.00014666101
PPFIA3_exp,-0.0059502423
WNT5B_exp,-0.47169858
EME1_exp,-0.00010940453
ASIC3_exp,-0.00030999893
GHRHR_exp,-0.014305001
FAM111B_exp,-1.970877e-08
ADRA2C_exp,0.012713986
FGF14_exp,-0.08142031
RHCG_exp,2.4661706e-09
ANKRD1_exp,0.44299603
MADCAM1_exp,-0.017109418
SUCNR1_exp,-0.06454585
CDC45_exp,-0.0015772462
FRMPD1_exp,6.2547474e-06
KLK7_exp,0.067229256
LAMA3_exp,-0.11036582
PLAU_exp,0.039363366
GABRG2_exp,0.00016248321
PKP1_exp,4.5969808e-11
SERPINA6_exp,6.0080398e-05
HJURP_exp,-0.07949454
TTLL3_exp,-1.4835604e-07
SCN3B_exp,0.021846408
AK5_exp,-6.168276e-07
SLC7A14_exp,1.5691056e-05
ACMSD_exp,8.2171955e-06
WNT10A_exp,-0.05503819
EDNRA_exp,0.023911955
LEP_exp,-0.01807229
TOP2A_exp,-0.0012208929
SLC8A2_exp,0.0017998146
PCDH1_exp,9.965762e-07
CDO1_exp,-0.08835787
TMPRSS11E_exp,0.026899997
TCL1A_exp,-0.0023700485
COL28A1_exp,-2.4756627e-10
IVL_exp,7.2665003e-09
SLC26A11_exp,-0.00044563718
NKX2-8_exp,-4.8716982e-05
CDK1_exp,-0.3541865
SLAMF9_exp,-2.079533e-09
FHIT_exp,-0.032327503
QPCT_exp,-0.045563873
TSPYL2_exp,-0.81856066
GPIHBP1_exp,-9.283573e-08
PRRT2_exp,-0.052675836
GSTM2_exp,4.204262e-09
CDH3_exp,0.033693995
FGF9_exp,-0.48086607
VIL1_exp,0.05950029
AHI1_exp,-0.0004201168
LGI3_exp,0.034393832
CASR_exp,0.04815256
AFM_exp,-2.3400324e-09
SRCIN1_exp,-0.078362785
ZBED2_exp,0.08242845
LOX_exp,0.2250504
MACC1_exp,-0.15762
AGER_exp,-0.67085415
GNG2_exp,-0.034146484
KIF2C_exp,-6.694009e-09
DPP6_exp,-1.3078771e-09
NOVA1_exp,0.0013908115
RPRM_exp,-0.015568595
TENM1_exp,-8.956853e-09
PITX1_exp,-0.034619126
SEZ6_exp,0.0005559664
NR0B1_exp,6.514363e-09
PEMT_exp,-0.03835259
ABCC8_exp,0.046614677
SERPINF2_exp,-0.2235021
DLG4_exp,-0.13356759
AANAT_exp,0.4688378
GRAMD1B_exp,8.974468e-06
PMEPA1_exp,-3.303162e-11
KNDC1_exp,0.02346878
EVPL_exp,-3.8305384e-08
USP9Y_exp,-0.049184248
WNT7A_exp,0.4075773
GPR158_exp,5.7284472e-11
RPH3AL_exp,0.00059691427
S100P_exp,0.001110006
FOSL1_exp,0.9948874
NOG_exp,0.11906666
TRPM5_exp,-0.009549472
RBP2_exp,1.5697811e-08
EPHB2_exp,0.40184972
ISYNA1_exp,-0.00013226377
SPAG8_exp,-0.047682248
WFDC1_exp,-0.3394877
NEUROD1_exp,0.23834203
TEKT4_exp,-2.178264e-11
ISL1_exp,0.15748909
PDCD1_exp,-0.0122564845
HCN1_exp,-0.028367156
TFAP2A_exp,3.8253006e-08
DNASE1L3_exp,-0.00068452535
ZDHHC11B_exp,3.493292e-08
KCNMA1_exp,-0.005856057
F3_exp,-0.035738304
CFAP61_exp,-7.651975e-12
MICU3_exp,-7.867081e-08
SNPH_exp,-0.014712328
KRT6A_exp,-1.8375247e-05
CEACAM6_exp,1.6824825e-06
CXCL8_exp,0.2989483
GCK_exp,0.0010482228
DRD2_exp,-0.10063915
GFRA3_exp,0.0038269302
COL11A2_exp,1.8944638e-10
ABAT_exp,0.039764214
CLDN5_exp,-0.16672117
ADARB2_exp,-0.002194519
SNAI2_exp,0.17554355
EGFR_exp,0.22123457
FAM107A_exp,-0.020379586
PSAPL1_exp,8.7187866e-05
KCNB1_exp,-0.0008776178
P2RY2_exp,0.09293031
UNC13A_exp,0.011078339
SSTR1_exp,0.027908487
RDH12_exp,0.0075404807
COL8A1_exp,-1.17710774e-08
PLA2G3_exp,0.07364536
FGF17_exp,-0.099266514
CALCA_exp,-0.028959997
INSM1_exp,0.0044305557
TPPP_exp,-0.10822557
CELF5_exp,-1.858228e-05
KL_exp,-0.018139396
EPHA2_exp,-0.056302924
RAB9B_exp,9.629821e-07
BRSK1_exp,-0.045478933
CTSE_exp,0.094265446
ALK_exp,-0.022446997
PTGES_exp,0.048361223
CERS1_exp,-0.0067925416
ZAP70_exp,-0.067373164
SHC2_exp,-2.6405461e-08
PNMT_exp,-0.0002221064
CAMK2B_exp,0.0017999061
NRCAM_exp,0.061253753
CDHR3_exp,-3.6320628e-07
NRGN_exp,-0.0038395287
TSPAN33_exp,-6.2145036e-09
CLEC4G_exp,-0.0045343186
NOVA2_exp,0.0006312501
GATA4_exp,0.98270667
CACNB2_exp,-8.623551e-05
TNNT3_exp,5.1633506e-05
KCNA7_exp,-0.008450834
PLD6_exp,-0.0001876585
NMU_exp,0.05378677
PTGS2_exp,0.48656338
IRX1_exp,-1.1530134e-09
KCNJ3_exp,0.012610353
ATP1B2_exp,1.6141966e-10
CALY_exp,0.007845477
TMPRSS6_exp,-0.014788708
CLGN_exp,-4.316005e-11
SLC7A5_exp,0.0005335483
EPHX2_exp,0.0032845496
GJB6_exp,-0.076836586
INHBA_exp,1.8897989
MAPK10_exp,-0.010308199
MLN_exp,0.12645535
CATSPER1_exp,-0.021510828
ATP2B2_exp,1.2406477e-08
ITGA2_exp,0.3138633
ARL4C_exp,0.21424164
KCNH3_exp,0.00012885235
CCKAR_exp,6.5718323e-06
KLF5_exp,0.089966536
ECHDC3_exp,0.16042933
CMA1_exp,0.010312515
SNAP91_exp,0.0006804918
ZDHHC22_exp,7.6410406e-10
CYP2S1_exp,0.1026743
NOX1_exp,-0.17558464
CCNB1_exp,-0.09324886
RBM24_exp,-0.00022647702
EMX1_exp,-5.4409234e-11
ADCY1_exp,0.022635221
WFIKKN1_exp,-0.01883365
SH3GL2_exp,0.0018999202
MAP6_exp,0.011150478
IL18_exp,-0.24963017
KLK12_exp,0.0022839685
ALDH1A3_exp,0.0065613445
SFN_exp,0.10807142
IPCEF1_exp,-1.9210996e-12
CELF3_exp,9.1185764e-05
FAP_exp,0.079160534
MDH1B_exp,-0.03143401
CCKBR_exp,-2.3395642e-05
SLC8A3_exp,-0.01678471
AGMO_exp,0.0050526746
SLC16A11_exp,-2.589587e-05
TGFA_exp,0.39230734
IBSP_exp,-0.2504161
SSTR3_exp,0.010455845
KCND3_exp,0.00045165542
PBK_exp,-0.017175248
CGB7_exp,0.038855784
MYL2_exp,0.03951727
CCL25_exp,0.0228986
SULF1_exp,-0.0018252436
CNTN5_exp,-4.6385864e-11
KIF1A_exp,0.011618729
ATP1A2_exp,0.00088215136
GAS2_exp,0.00029411181
DSCAML1_exp,0.00013567052
FOXM1_exp,-0.010339292
KCNAB3_exp,-0.024185598
SLC26A3_exp,0.09983934
HAP1_exp,-0.0020603102
KIF18A_exp,-0.047521718
SH2D3A_exp,0.025900573
XKR4_exp,-1.5851106e-15
PNCK_exp,-0.009153059
SLC25A29_exp,-2.3530815e-07
CDC6_exp,-0.019936142
SNCB_exp,0.033337023
SERPIND1_exp,0.0067036
PILRB_exp,-0.18255347
GRIA1_exp,7.469943e-05
GPLD1_exp,-0.013287565
RTBDN_exp,-1.2965786e-09
F7_exp,-0.085214466
NAGS_exp,-0.00014382697
HTR1D_exp,0.0009395119
CENPF_exp,-0.06369983
CD200_exp,-0.049209617
CA4_exp,-0.057334095
CCND1_exp,1.3834482
RGS7_exp,0.039133266
MST1R_exp,0.10256124
SYP_exp,0.0047967555
SRPK3_exp,-1.9683874e-11
MAST1_exp,-7.0402565e-13
APOF_exp,2.9218618e-06
VSTM2A_exp,0.0038290988
CRHBP_exp,-0.0069028535
DPT_exp,1.7637095e-08
PIP5K1B_exp,-0.00037018536
SCX_exp,-0.64064014
TGFBI_exp,0.02943604
GRHL2_exp,-0.00143414
DIAPH3_exp,-1.1821573e-11
KISS1R_exp,-1.0272445e-05
PCDH10_exp,-3.1198073e-08
IGSF1_exp,0.0053755264
SYT7_exp,0.01123524
PADI1_exp,-0.003457392
KCNN4_exp,0.00836336
GREM1_exp,0.5488863
FRMD5_exp,-0.37118158
XKR7_exp,-9.209365e-15
NT5E_exp,0.00033351377
SULT2B1_exp,0.01153772
KRT17_exp,-0.0005988455
MYOC_exp,-0.1108031
LRRC4B_exp,3.4346053e-09
EFR3B_exp,-5.483169e-09
TEKT1_exp,-5.312955e-12
NTF4_exp,-0.043404628
CORT_exp,2.5283302e-09
CCL7_exp,3.8613118e-05
MPZL2_exp,-3.2220106e-07
NTSR1_exp,-0.0027798105
RAB3A_exp,-0.041282274
EVL_exp,-0.4122124
LRRC4_exp,0.0002595054
MPP2_exp,0.004734885
MMP12_exp,0.025918897
PAX6_exp,0.11155852
HPGD_exp,-0.9447461
NKX2-2_exp,0.13499895
IL31RA_exp,2.3092255e-09
NACAD_exp,3.7348805e-08
CHMP4C_exp,3.5921441e-09
ANK2_exp,0.064754136
SLC14A1_exp,-3.078252e-05
BUB1_exp,1.1666273e-07
ST6GALNAC5_exp,-0.03946293
PHACTR3_exp,-0.0008116159
TMEM88_exp,-1.2128424e-08
OSBPL3_exp,0.044646367
HSF4_exp,-0.7661994
TFF2_exp,-9.7688355e-09
CYP24A1_exp,-0.0005363185
CFAP46_exp,2.6452798e-09
NPC1L1_exp,-0.012866961
SOBP_exp,-0.00016595464
RGS9_exp,0.016462421
KLKB1_exp,0.00061267853
USH1C_exp,-2.1425226e-08
EPHX3_exp,-0.0020336001
ACTL6B_exp,1.4293851e-10
KCNJ8_exp,-0.08891612
PAX9_exp,-0.01429051
CHRDL1_exp,-1.0686265e-09
GRIK5_exp,-4.693515e-05
MAPK8IP2_exp,0.011952494
PRODH_exp,0.31117508
MUC1_exp,-0.0011971386
SCTR_exp,-0.0006595763
MLC1_exp,0.028313193
FABP4_exp,1.4939518e-08
DNAH11_exp,-4.132021e-12
PODXL_exp,0.13786079
FGB_exp,-0.028098077
CLIC3_exp,0.005377969
FOXL1_exp,-0.0005726603
IFNE_exp,0.016806403
PLEKHN1_exp,0.0021703988
SBK2_exp,-0.0007382621
WNK2_exp,-0.0063488972
REEP2_exp,-0.18770033
SERPINB5_exp,0.021758765
GIPR_exp,0.00010648851
PPARG_exp,0.046855
CLEC4F_exp,6.4494445e-09
ACACB_exp,-0.032467213
SEC31B_exp,-6.5315775e-10
HCAR2_exp,-0.041469797
ASCL1_exp,0.039712843
ELMO1_exp,-1.9638315e-10
UCN3_exp,0.37693217
BEX4_exp,-0.051969495
AFF3_exp,0.00075403374
LGALS7B_exp,-1.889696e-08
CDHR4_exp,9.078016e-09
IL1R2_exp,0.00037559046
WNT4_exp,-0.18210173
NEK2_exp,-0.029515076
PCSK2_exp,0.049639
TMEM86B_exp,-0.001053096
MTRNR2L1_exp,-0.009613485
PACRG_exp,0.042762496
MRAP2_exp,0.0022213922
PNPLA7_exp,0.0003456046
PDZD3_exp,-0.0027136705
SLC4A8_exp,0.012091798
AZU1_exp,-0.1625071
LILRB5_exp,-0.0015797875
CH25H_exp,-0.0114844395
TUB_exp,0.046187747
CACNA2D3_exp,-0.0051252106
PIP_exp,-0.0061052595
LBP_exp,-0.20833002
DUOXA2_exp,-0.052517314
SOX8_exp,-0.23005125
ENTHD1_exp,-1.8149064e-08
PPP1R3E_exp,-1.2630991e-11
C1QL1_exp,-3.3744796e-09
AQP4_exp,-0.00495005
CYP1A1_exp,-0.15676315
BSN_exp,0.0033213606
TACSTD2_exp,0.23527226
SLC25A27_exp,-0.001239812
DPY19L2_exp,-0.026414115
S100A7_exp,-3.5837618e-07
SCN1B_exp,-0.150331
TFCP2L1_exp,-1.5501675e-09
PCK1_exp,-0.011410038
KIF20A_exp,-0.052874036
CACNA1A_exp,0.017621022
ITGA3_exp,0.03242202
AXL_exp,0.33718362
ARVCF_exp,-9.0238484e-07
TNNT1_exp,0.15974168
FN1_exp,2.6143718e-08
IL1RAP_exp,0.58711684
SLC38A5_exp,0.00034101476
KRT14_exp,0.003772498
BRINP1_exp,-0.29778895
HLF_exp,0.0006748358
LGI1_exp,-0.061599642
ACSL6_exp,7.69597e-09
MAPT_exp,0.0047281557
S100A10_exp,-1.19710695e-08
DSG3_exp,-4.642316e-07
CYP46A1_exp,-0.01002387
PROK1_exp,-0.14850305
SEMA3A_exp,-0.041372307
MFNG_exp,-0.14761978
UGT2B11_exp,-0.003429102
MRAP_exp,-1.2910792e-10
APBB1_exp,-0.01951298
MBOAT2_exp,0.009512094
CHST8_exp,0.00013360051
S100A2_exp,0.00020662333
CXXC4_exp,-1.3476883e-08
PIPOX_exp,-0.0014532846
CLIP3_exp,-0.019285036
MAPK11_exp,0.012182275
CKS2_exp,0.0682503
IGSF3_exp,1.2543253e-11
SDC4_exp,0.00017769918
CHD5_exp,-8.066184e-05
STEAP3_exp,0.001273589
NRG1_exp,-0.17765535
S100A11_exp,-2.7665661e-05
RGS5_exp,-0.03141966
GFRA2_exp,0.0018071646
CA9_exp,0.032254968
OCA2_exp,-1.6543498e-05
FBLL1_exp,-0.0004879466
ITGB4_exp,-9.662329e-05
TPSG1_exp,0.005902383
PROC_exp,-0.06972945
RSPO4_exp,-1.7113708e-10
CACNA2D2_exp,0.02293806
DYNC1I1_exp,1.03552814e-07
HRH1_exp,-0.018026344
SPOCK1_exp,2.405147e-10
CEP55_exp,-7.222656e-09
CAND2_exp,-0.0030972385
GJB2_exp,0.489557
CCNA1_exp,4.435849e-06
SLC6A4_exp,0.1542168
GPX3_exp,-0.1242109
SLC16A9_exp,1.6358923e-05
GNAZ_exp,0.024975581
VSTM2L_exp,0.00022911778
HSD17B3_exp,8.560798e-05
CACNA1B_exp,0.00565152
SYT5_exp,7.229475e-12
KCNIP2_exp,-0.00020748116
KCNA1_exp,-0.00082018785
IL17REL_exp,-0.0072969855
FTCD_exp,4.2077387e-05
RET_exp,0.05476409
TAT_exp,-0.011955418
MAPK12_exp,-0.27005833
CLDN1_exp,0.07434373
GRIA3_exp,2.2020942e-07
DLGAP5_exp,-0.033035867
ACTC1_exp,-0.1584328
ADAMTS12_exp,0.039268337
MDP1_exp,-3.9412134e-07
TMOD1_exp,1.6174706e-06
PRRT1_exp,0.0012601559
GOLGA8A_exp,-7.043918e-10
GAD2_exp,9.332285e-05
ENPP2_exp,-0.11337417
ECT2_exp,-0.06973092
COL11A1_exp,8.132311e-05
MAPK4_exp,-0.0017555302
SYN1_exp,0.0027640767
SLC27A3_exp,-2.86168e-06
AKAP6_exp,-0.1674155
KIF26A_exp,-0.00049017154
FXYD2_exp,0.0023123163
GJB3_exp,0.11509208
TDRD9_exp,0.0035619512
BAIAP3_exp,-2.263696e-05
PPP1R42_exp,1.06651086e-07
MAPK8IP3_exp,-0.06434812
CNIH2_exp,0.011755877
SLCO1B3_exp,3.2178784e-06
FABP2_exp,9.120135e-09
GPAT2_exp,-0.003268668
LPCAT2_exp,-0.0010005248
SPTBN4_exp,0.01612385
BCL11A_exp,-0.21839532
SLCO1B1_exp,1.8814919e-05
SDR16C5_exp,0.096397184
HOXB9_exp,-0.00018648354
COL27A1_exp,-2.7577411e-09
SH2D6_exp,-2.0040087e-08
KLK6_exp,0.034489576
CDKN2B_exp,-3.1713373e-08
FUT3_exp,0.04698416
C6orf15_exp,-2.6477337e-10
TMEM198_exp,-7.2748487e-09
LHX2_exp,-1.0250081e-07
MMP11_exp,0.0905414
C1QTNF4_exp,-0.049199585
NKX3-1_exp,2.981157
ADH6_exp,-0.06512057
PTK6_exp,-0.07853256
HMGCS2_exp,-9.211137e-05
SHISA8_exp,-0.0032630789
NAT8L_exp,2.5472386e-09
ADAMTS13_exp,-0.35395628
KLK10_exp,-0.021295328
YJEFN3_exp,-0.00040311602
CRTC1_exp,-0.28065887
CDH4_exp,-5.031885e-09
LHX5_exp,-1.1953754e-11
TSPEAR_exp,2.7607603e-05
GRM4_exp,-3.782705e-10
COL17A1_exp,1.5470262e-08
MELK_exp,-0.07654635
TMPRSS15_exp,0.006975403
VIPR1_exp,-0.00045266497
RIMS2_exp,0.013560837
MMP7_exp,-0.0054654647
ARG1_exp,-0.023104653
BCAT1_exp,0.0077302773
SGMS2_exp,-0.0054963273
GLYCTK_exp,-0.00017267719
GRIN2C_exp,-0.00013480293
PPP1R1C_exp,0.0016699468
SLC12A5_exp,-4.9632315e-05
IL11RA_exp,0.004020134
CYP2B6_exp,-5.504013e-05
DCBLD2_exp,0.2602159
GABRP_exp,-0.003828675
CFD_exp,-0.01872614
CACNG4_exp,0.060396485
ANGPTL3_exp,-0.018675547
SEMA3C_exp,0.4209585
ZDHHC14_exp,-0.00011039391
NRL_exp,-0.0001750558
PROX1_exp,-0.11842152
SLC28A2_exp,0.0005412008
PIWIL4_exp,-0.32561892
HAO1_exp,1.0539259e-07
CFAP53_exp,-1.7991979e-10
RGS20_exp,0.0070804846
BAMBI_exp,-0.7060149
CASQ1_exp,-0.06120804
DCX_exp,3.4008401e-06
NEURL1_exp,-0.033692718
SMPDL3A_exp,-0.00018004213
PDGFC_exp,0.3900007
CRYGD_exp,-0.0010289561
COMP_exp,0.033570204
CD36_exp,-0.6490701
SH3GL3_exp,2.4490245e-09
PPP1R3F_exp,-0.003791806
CCL17_exp,-1.2275422e-07
PTPRN2_exp,-0.011742365
MAL_exp,2.2100934e-05
KRT20_exp,-0.05302619
GPER1_exp,-0.067819126
KRT19_exp,6.861064e-08
LDOC1_exp,-0.28186998
AREG_exp,0.06705575
P2RX5_exp,-0.0015871605
SLC6A14_exp,0.0001257768
PAK3_exp,0.010521684
CDC20_exp,0.04726972
SLC1A7_exp,-7.369424e-11
CD40LG_exp,-0.007928258
CLEC10A_exp,-8.0935976e-08
UHRF1_exp,-0.009665243
PRSS8_exp,0.033262294
CELF4_exp,-1.6023962e-05
SPPL2B_exp,-6.918553e-07
TPX2_exp,-0.04386478
SPRR1B_exp,-4.9797594e-10
CYP27C1_exp,-4.1727034e-08
CMTM7_exp,0.0070786737
E2F1_exp,0.04407222
FNDC5_exp,-0.04688495
COQ10A_exp,-0.00037183537
ADAMTS18_exp,-0.001975173
UNC80_exp,-4.932396e-06
DAW1_exp,1.1091275e-12
KCNJ6_exp,0.012465893
RGS11_exp,0.04158332
ARSI_exp,0.00047307505
ZFYVE28_exp,-0.022131255
GABRB3_exp,-7.707878e-05
ZNF750_exp,0.01989501
KIF5C_exp,-6.382658e-08
MTMR7_exp,6.123707e-06
PLAUR_exp,0.011755529
ARHGAP33_exp,-0.017122677
MAN1C1_exp,-0.0006004377
HCN2_exp,-0.09302318
KCNH2_exp,-0.0019261381
ELANE_exp,-0.015522096
TGM3_exp,8.453391e-10
ALDH3B1_exp,0.001845123
HPCA_exp,0.009251857
LIN7B_exp,1.7480781e-09
AKR1C4_exp,-0.029948978
GAL_exp,0.07959861
EFNB3_exp,-5.2426117e-09
GPRC5A_exp,0.08132747
MYO7B_exp,9.497897e-10
BTBD17_exp,0.00081988354
PPY_exp,0.08286672
B3GNT7_exp,-0.00059289736
ENHO_exp,0.107535176
CFC1_exp,-4.9191077e-12
FABP6_exp,2.6971906e-08
USP27X_exp,-0.010273467
NGEF_exp,1.4669796e-05
GP1BA_exp,-2.496342e-08
LAMB3_exp,-6.2814e-08
CEACAM8_exp,-4.718576e-09
FSTL4_exp,-0.18311524
RIMS4_exp,1.417939e-06
A2ML1_exp,0.025286052
DEFA5_exp,0.06994552
RASGRP2_exp,9.876646e-13
NCCRP1_exp,7.266536e-05
SMARCD3_exp,2.7057763e-07
CACNA1I_exp,-0.0026423114
HBE1_exp,-1.842641e-14
TRIM29_exp,-2.133568e-05
TACR1_exp,0.004379931
TGM2_exp,0.51383185
EPGN_exp,0.026593646
PLA2G6_exp,-0.01460393
SLC38A4_exp,2.3982362e-05
GIP_exp,0.122533664
SYT8_exp,-1.4965301e-10
CCL24_exp,-1.2180224e-06
PTGDR2_exp,-6.174956e-10
OLFM1_exp,0.01822072
SYNGR1_exp,-0.018994765
UNC13D_exp,-8.5568765e-08
SYT1_exp,0.32267648
TBX1_exp,-0.41959307
SLC30A2_exp,0.36223662
KCNC3_exp,-0.015109149
CELSR1_exp,0.010208731
SPRN_exp,1.2835107e-10
MLF1_exp,3.4571916e-09
CDH22_exp,-6.694657e-07
MAST3_exp,2.0880603e-11
CLDN4_exp,-0.31432685
AURKA_exp,-0.09804706
IGF2BP3_exp,-0.0027112102
DEFB1_exp,1.5364076e-05
TMEM37_exp,-0.04020835
CDH10_exp,-1.06530344e-07
VGF_exp,0.4369662
MPPED2_exp,-0.00020895302
CDK6_exp,2.712471
SEMG1_exp,-0.026243929
FGF19_exp,0.62456006
DTL_exp,-0.0003275699
EFNB2_exp,-1.9190074e-09
NPPC_exp,-0.013152336
SDK1_exp,1.2098427e-07
COL10A1_exp,-7.7856466e-10
KCNJ11_exp,-0.023585746
COL5A1_exp,0.0012838104
MAMLD1_exp,7.58098e-09
SORCS1_exp,6.085773e-05
TNFRSF10A_exp,1.1842757e-09
HCN4_exp,-0.020817205
KRT16_exp,-5.984028e-11
SLC6A17_exp,7.475239e-08
B3GNT3_exp,0.0033321062
A1CF_exp,-0.0010592467
SNCA_exp,-0.4931069
SPTB_exp,4.0314313e-14
GPR87_exp,-6.3394895e-05
KCNF1_exp,-0.0016051445
HMGCLL1_exp,0.00012116364
AGT_exp,-0.41970506
F2_exp,-0.12596676
KLF15_exp,-0.0062607513
GOLGA8B_exp,1.2109403e-09
INSC_exp,-0.05631033
SCARA5_exp,-1.2231462e-08
SLITRK1_exp,8.0338164e-10
ZFR2_exp,-5.8414054e-05
SUSD2_exp,0.18536669
LRRC8A_exp,0.0030103014
KLHL41_exp,0.001495894
ELOVL4_exp,-0.00028158395
CHIT1_exp,-0.0017245583
RIPPLY2_exp,-4.7444737e-10
CHRNB2_exp,-0.028583877
RAPGEF4_exp,0.049376242
ADH1B_exp,0.01721948
HMGA2_exp,-0.40983173
CAPN3_exp,-0.28265956
LGR5_exp,-1.2987017e-09
SLC52A3_exp,0.00048652617
NRP2_exp,0.0002064375
FLNB_exp,-9.417899e-06
GPD1_exp,-0.0047183717
DNAI1_exp,1.0739429e-09
VTN_exp,-0.030642392
CPLX2_exp,0.15507351
SLC16A3_exp,0.00011723152
BAIAP2L1_exp,-4.2045303e-05
CYP2C8_exp,-0.010643423
STAB2_exp,-2.1809702e-08
SSTR2_exp,-0.029395128
KIFC1_exp,-7.782005e-08
ST18_exp,-1.3369901e-09
SLC6A16_exp,2.5361969e-08
GPS2_exp,-0.18475768
RAB3C_exp,0.07251317
MAP3K15_exp,0.0056457184
GNAO1_exp,0.0108800195
RAB26_exp,0.06880929
NME5_exp,6.091707e-06
OVGP1_exp,-0.24547307
RND2_exp,-0.022936368
ST8SIA3_exp,0.006698454
DPP4_exp,-0.34734994
GCG_exp,1.3668883
LDB3_exp,-1.6247058e-09
CLCNKA_exp,-0.0064461925
PACSIN1_exp,0.006215981
SCNN1B_exp,-0.044387337
MC1R_exp,-0.0009035123
MYBL2_exp,1.5781119e-08
TMPRSS4_exp,-0.034031462
SOCS1_exp,-0.10363931
NSUN6_exp,-0.005247047
EPHA5_exp,-0.007632349
PPBP_exp,-0.16988842
NRROS_exp,-6.170635e-05
PRLR_exp,5.4273005e-05
TREM1_exp,-2.4430725e-05
MTTP_exp,0.013161104
RSPH9_exp,-1.0920179e-08
DDO_exp,-0.0065482175
PRODH2_exp,-3.2571177e-05
BEX1_exp,0.008924993
ZDHHC11_exp,-3.796267e-09
ITGA6_exp,0.068094574
SLC2A1_exp,-0.092381634
HMX3_exp,-9.5007596e-12
PLA2G12B_exp,0.0014873306
GRIA2_exp,5.44846e-05
ACKR1_exp,0.10402741
MKI67_exp,-0.00011934507
SHISA7_exp,-0.002941489
POMC_exp,-0.21389581
PYGL_exp,0.0010708554
NLRP1_exp,-0.05895806
PCSK1_exp,0.033649955
BRINP2_exp,-0.009047912
LIPE_exp,-0.010186806
ATP8A2_exp,-0.030440504
CPLX1_exp,-0.0325084
LEAP2_exp,-1.3157179e-05
CASP14_exp,-0.000608159
SPINK2_exp,-0.012598211
MMP28_exp,-0.0080791805
STXBP5L_exp,0.04510341
MTG1_exp,-0.15939586
UPK3A_exp,-1.6750379e-09
RIC3_exp,8.6438074e-09
CTSV_exp,0.01137878
DDC_exp,0.033845343
RAD51_exp,-0.013813918
SYT4_exp,0.15913148
B4GALNT4_exp,0.0045779864
DLGAP3_exp,0.0026539306
ALPI_exp,0.00016971398
ATP1A3_exp,0.00013564984
PCSK1N_exp,-0.009494429
ADCY2_exp,1.2044828e-09
ANXA3_exp,-1.0857951e-07
FLRT3_exp,0.61055636
RAB42_exp,-1.87226e-11
PLEC_exp,0.0023227844
MME_exp,0.10056455
DUSP26_exp,-0.3285505
JPH3_exp,-7.763162e-11
CCNB2_exp,-3.9866914e-05
GABBR1_exp,-0.0025503433
SLC16A1_exp,0.05727937
NRXN1_exp,0.02695325
SESN1_exp,-0.6405844
AVPR1B_exp,0.016911205
SLURP1_exp,0.0640412
APBB3_exp,-0.23719487
LHB_exp,0.12884851
SHCBP1_exp,0.0039815963
CPE_exp,-0.0034601905
CSAD_exp,-0.066298135
ASGR2_exp,-0.0026374892
MTERF2_exp,-0.00033135325
CACNA1D_exp,0.0026603434
ST6GALNAC2_exp,-0.015680948
LRRTM1_exp,-5.8191136e-11
MEP1A_exp,0.002610823
AQP7_exp,0.0014521722
AP1S3_exp,8.4652657e-10
MET_exp,-0.028578263
SLC37A2_exp,-1.9170057e-09
SCGB3A1_exp,0.21728002
F10_exp,0.016858807
APLP1_exp,0.000106651525
FHL1_exp,-0.26192668
CACNG8_exp,-0.0015267351
GPRASP1_exp,0.0011550108
WNK3_exp,-0.008160772
TRO_exp,-8.476367e-07
SNX22_exp,-0.00048050014
COL9A2_exp,-1.1330726e-09
SLC4A11_exp,0.1069788
ITGB6_exp,-3.4264805e-05
SLC29A4_exp,0.0002374464
CHGB_exp,0.5338834
SYNE4_exp,-4.3276618e-08
CA10_exp,0.0020534408
IGF2BP2_exp,-0.0014250496
